mean_fit_time,std_fit_time,mean_score_time,std_score_time,param_max_depth,param_min_samples_leaf,param_min_samples_split,param_n_estimators,params,split0_test_f1_macro,split1_test_f1_macro,split2_test_f1_macro,mean_test_f1_macro,std_test_f1_macro,rank_test_f1_macro,split0_train_f1_macro,split1_train_f1_macro,split2_train_f1_macro,mean_train_f1_macro,std_train_f1_macro,split0_test_acc,split1_test_acc,split2_test_acc,mean_test_acc,std_test_acc,rank_test_acc,split0_train_acc,split1_train_acc,split2_train_acc,mean_train_acc,std_train_acc,split0_test_bal_acc,split1_test_bal_acc,split2_test_bal_acc,mean_test_bal_acc,std_test_bal_acc,rank_test_bal_acc,split0_train_bal_acc,split1_train_bal_acc,split2_train_bal_acc,mean_train_bal_acc,std_train_bal_acc,split0_test_prec_macro,split1_test_prec_macro,split2_test_prec_macro,mean_test_prec_macro,std_test_prec_macro,rank_test_prec_macro,split0_train_prec_macro,split1_train_prec_macro,split2_train_prec_macro,mean_train_prec_macro,std_train_prec_macro,split0_test_rec_macro,split1_test_rec_macro,split2_test_rec_macro,mean_test_rec_macro,std_test_rec_macro,rank_test_rec_macro,split0_train_rec_macro,split1_train_rec_macro,split2_train_rec_macro,mean_train_rec_macro,std_train_rec_macro
1.5453460216522217,0.050884285393715256,0.04880770047505697,0.01824802845338248,,1,2,200,"{'max_depth': None, 'min_samples_leaf': 1, 'min_samples_split': 2, 'n_estimators': 200}",0.7940406253675688,0.7907337769488538,0.7794120793773412,0.788062160564588,0.0062637443554452886,35,1.0,1.0,1.0,1.0,0.0,0.7898172323759791,0.783289817232376,0.7751633986928105,0.7827568161003885,0.005994262704648887,34,1.0,1.0,1.0,1.0,0.0,0.7886439507309773,0.7881432246998286,0.7782160694529752,0.7850010816279269,0.004802081097486165,51,1.0,1.0,1.0,1.0,0.0,0.8027636380199044,0.7948053093114298,0.7825567793777733,0.7933752422363692,0.008311161287696022,20,1.0,1.0,1.0,1.0,0.0,0.7886439507309773,0.7881432246998286,0.7782160694529752,0.7850010816279269,0.004802081097486165,51,1.0,1.0,1.0,1.0,0.0
4.009795347849528,0.28206822225582084,0.07201290130615234,0.0023269018261613105,,1,2,400,"{'max_depth': None, 'min_samples_leaf': 1, 'min_samples_split': 2, 'n_estimators': 400}",0.800250226803179,0.8107026362403827,0.7809986303194874,0.7973171644543496,0.012302686237667426,2,1.0,1.0,1.0,1.0,0.0,0.7963446475195822,0.8028720626631853,0.7751633986928105,0.7914600362918592,0.011827569062442905,2,1.0,1.0,1.0,1.0,0.0,0.7955601207817162,0.8088550600343053,0.7807051530258622,0.7950401112806279,0.011498032398542956,9,1.0,1.0,1.0,1.0,0.0,0.807578217312472,0.8151191124155226,0.7823867727525664,0.8016947008268538,0.013995554999836934,5,1.0,1.0,1.0,1.0,0.0,0.7955601207817162,0.8088550600343053,0.7807051530258622,0.7950401112806279,0.011498032398542956,9,1.0,1.0,1.0,1.0,0.0
8.70440936088562,0.06197498747635619,0.18030142784118652,0.023216857328660283,,1,2,800,"{'max_depth': None, 'min_samples_leaf': 1, 'min_samples_split': 2, 'n_estimators': 800}",0.808349428384944,0.8089865504992406,0.7736892538346842,0.7970084109062897,0.016491185444448466,5,1.0,1.0,1.0,1.0,0.0,0.804177545691906,0.8015665796344648,0.7686274509803922,0.7914571921022543,0.016178217777961197,5,1.0,1.0,1.0,1.0,0.0,0.8036178433438708,0.8064965694682675,0.7725134488128043,0.7942092872083141,0.015386223681979998,15,1.0,1.0,1.0,1.0,0.0,0.8155887638136854,0.8138694962279905,0.775968450216663,0.8018089034194462,0.018285435671625466,2,1.0,1.0,1.0,1.0,0.0,0.8036178433438708,0.8064965694682675,0.7725134488128043,0.7942092872083141,0.015386223681979998,15,1.0,1.0,1.0,1.0,0.0
2.1593499978383384,0.15277710613679274,0.04721609751383463,0.0026660593169450116,,1,6,200,"{'max_depth': None, 'min_samples_leaf': 1, 'min_samples_split': 6, 'n_estimators': 200}",0.7972528825493901,0.8039071712987933,0.7802730215520913,0.7938110251334249,0.009950813883505848,16,0.9974187200679274,0.9954052907197615,0.9977298260364912,0.9968512789413934,0.001030326221395474,0.7924281984334204,0.7963446475195822,0.7738562091503268,0.7875430183677765,0.009809220263856283,13,0.9973873285434357,0.9954278249510125,0.9973890339425587,0.9967347291456689,0.0009241210806687723,0.7958743244399973,0.8056174957118354,0.784510963116926,0.7953342610895863,0.00862516399310126,6,0.9977259725937728,0.9960200623979835,0.9977272609879183,0.9971577653265582,0.000804477627721043,0.8001246290595446,0.8037942729603335,0.7774288130170484,0.7937825716789755,0.011660492796020426,17,0.9971149032190552,0.9948185333967005,0.9977375449803699,0.9965569938653752,0.0012552833124018525,0.7958743244399973,0.8056174957118354,0.784510963116926,0.7953342610895863,0.00862516399310126,6,0.9977259725937728,0.9960200623979835,0.9977272609879183,0.9971577653265582,0.000804477627721043
4.1745100021362305,0.03814539915107924,0.06959692637125652,0.0014240377003227602,,1,6,400,"{'max_depth': None, 'min_samples_leaf': 1, 'min_samples_split': 6, 'n_estimators': 400}",0.7986337830723722,0.8036033896256822,0.7805076185943423,0.7942482637641323,0.009925665203072618,12,0.9962823387572017,0.9962807074345701,0.9979862297346652,0.9968497586421456,0.0008036066921086861,0.7924281984334204,0.7950391644908616,0.7738562091503268,0.7871078573582029,0.0094307624685479,16,0.9960809928151535,0.9960809928151535,0.9980417754569191,0.9967345870290755,0.000924321801616876,0.7971240551014928,0.8044811320754717,0.7820528249617694,0.7945526707129112,0.00933510411482797,12,0.9965896030877319,0.996585673257712,0.9982915717539863,0.9971556160331434,0.0008032435955457071,0.8017295067983322,0.8043075609208878,0.7802516153076735,0.7954295610089646,0.01078391139763955,14,0.9959810986409734,0.995994754968131,0.9976920865454235,0.9965559800515092,0.0008033679513786213,0.7971240551014928,0.8044811320754717,0.7820528249617694,0.7945526707129112,0.00933510411482797,12,0.9965896030877319,0.996585673257712,0.9982915717539863,0.9971556160331434,0.0008032435955457071
8.516469796498617,0.1978210733885931,0.13285207748413086,0.010422638513014719,,1,6,800,"{'max_depth': None, 'min_samples_leaf': 1, 'min_samples_split': 6, 'n_estimators': 800}",0.8015412871877063,0.8030587231129231,0.7811329508828007,0.7952443203944767,0.009997456845554274,9,0.9962836448257093,0.9962767647085384,0.9979862297346652,0.9968488797563043,0.0008042327871792799,0.7963446475195822,0.7950391644908616,0.7751633986928105,0.7888490702344181,0.009691896121438993,10,0.9960809928151535,0.9960809928151535,0.9980417754569191,0.9967345870290755,0.000924321801616876,0.8005280510518222,0.8032590051457976,0.7831788108480292,0.7956552890152163,0.008892371568112878,2,0.9965921857457003,0.9965805078617327,0.9982915717539863,0.997154755120473,0.0008038648878668266,0.8039123524978898,0.8040460280851247,0.7799609249113761,0.7959731018314636,0.011322450399708561,11,0.9959836698000832,0.9959973085160305,0.9976920865454235,0.996557688287179,0.0008021600255452615,0.8005280510518222,0.8032590051457976,0.7831788108480292,0.7956552890152163,0.008892371568112878,2,0.9965921857457003,0.9965805078617327,0.9982915717539863,0.997154755120473,0.0008038648878668266
2.1808048089345298,0.06953887980095198,0.04716634750366211,0.000738247592843014,,1,10,200,"{'max_depth': None, 'min_samples_leaf': 1, 'min_samples_split': 10, 'n_estimators': 200}",0.7917843211730531,0.788158283069138,0.7642791429545762,0.7814072490655891,0.012201531387366888,54,0.9874466876555363,0.9834010491612327,0.9859781091511883,0.9856086153226524,0.0016721626662583552,0.7872062663185379,0.7819843342036553,0.7594771241830065,0.7762225749017332,0.012031202034241061,51,0.9862834748530372,0.9823644676681907,0.9856396866840731,0.9847625430684337,0.0017159428934869095,0.7888499762391785,0.7931174957118354,0.7707455249558393,0.7842376656356178,0.009698155347094842,64,0.9880655580724731,0.9846446130261026,0.9875025180915191,0.9867375630633649,0.0014976834108928437,0.7968903800424841,0.7854425526789797,0.7598819414544679,0.7807382913919771,0.015470481297685076,51,0.9868414546089578,0.9822622831786934,0.9845479123636527,0.9845505500504346,0.0018694398385579144,0.7888499762391785,0.7931174957118354,0.7707455249558393,0.7842376656356178,0.009698155347094842,64,0.9880655580724731,0.9846446130261026,0.9875025180915191,0.9867375630633649,0.0014976834108928437
4.219274918238322,0.20984335342154803,0.06654071807861328,0.0165299346114663,,1,10,400,"{'max_depth': None, 'min_samples_leaf': 1, 'min_samples_split': 10, 'n_estimators': 400}",0.7854484585226531,0.7895770037308076,0.7655689603139122,0.780198140855791,0.010480805117900296,67,0.9865683687119962,0.9856823964707211,0.9837168290784477,0.9853225314203883,0.0011916226223830718,0.7806788511749347,0.783289817232376,0.7594771241830065,0.7744819308634391,0.010663409510287762,57,0.9856303069888962,0.984977139124755,0.9830287206266318,0.9845453889134276,0.0011051000207570672,0.7844332675114303,0.7942538593481989,0.7720055864092931,0.7835642377563073,0.00910358250827586,83,0.9874947935963231,0.9869225526529544,0.9852297790794374,0.9865490417762383,0.0009616671190159293,0.7884218253934221,0.7873497345125635,0.7610587755145042,0.7789434451401632,0.012653942743362229,58,0.9856724277511473,0.9845108768226936,0.9823604313521983,0.9841812453086797,0.0013720599447390603,0.7844332675114303,0.7942538593481989,0.7720055864092931,0.7835642377563073,0.00910358250827586,83,0.9874947935963231,0.9869225526529544,0.9852297790794374,0.9865490417762383,0.0009616671190159293
8.360671997070312,0.061967306110569234,0.16661540667215982,0.011207078981375141,,1,10,800,"{'max_depth': None, 'min_samples_leaf': 1, 'min_samples_split': 10, 'n_estimators': 800}",0.7911963355036823,0.7860484976788851,0.7678369935759985,0.7816939422528554,0.01002118850377821,51,0.9871378136557596,0.9873885101879963,0.984584753359037,0.9863703590675975,0.0012667551717287346,0.7859007832898173,0.779373368146214,0.7620915032679738,0.7757885515680017,0.010045185786043914,54,0.9862834748530372,0.9869366427171783,0.9836814621409922,0.9856338599037359,0.001406070134016957,0.7914472849202906,0.790844768439108,0.7742783606401656,0.785523471333188,0.007955297706613284,47,0.9880629754145048,0.9886232329250633,0.985799255161442,0.9874951545003366,0.0012207997502407908,0.7924549804098855,0.7836771917775207,0.7634148175784801,0.7798489965886288,0.012160703738458201,54,0.9862444384799284,0.9862590312356667,0.983480432110165,0.9853279672752534,0.0013064182272683762,0.7914472849202906,0.790844768439108,0.7742783606401656,0.785523471333188,0.007955297706613284,47,0.9880629754145048,0.9886232329250633,0.985799255161442,0.9874951545003366,0.0012207997502407908
2.061354398727417,0.19435700255243327,0.049971977869669594,0.009014678989706048,,2,2,200,"{'max_depth': None, 'min_samples_leaf': 2, 'min_samples_split': 2, 'n_estimators': 200}",0.7986968395375968,0.7954639574753057,0.7770748809102113,0.7904118926410378,0.009522597441116137,23,0.9939677654545755,0.9948351837622004,0.9945371587704603,0.9944467026624121,0.00035985215548713534,0.793733681462141,0.7885117493472585,0.7712418300653595,0.7844957536249196,0.00961134784322185,21,0.9941214892227302,0.9947746570868713,0.9947780678851175,0.9945580713982397,0.0003087133571946354,0.7957558154979589,0.7987993138936536,0.7785458397364119,0.7910336563760082,0.008917207856696,25,0.9948889228156231,0.995454451538255,0.9954519393178685,0.9952651045572489,0.00026600263765889774,0.8033004857307358,0.7937304754327633,0.7774545392793835,0.7914951668142942,0.010669292086994164,25,0.99308485963234,0.9942412439647312,0.9936659786591374,0.9936640274187362,0.00047209394302005943,0.7957558154979589,0.7987993138936536,0.7785458397364119,0.7910336563760082,0.008917207856696,25,0.9948889228156231,0.995454451538255,0.9954519393178685,0.9952651045572489,0.00026600263765889774
3.9707857767740884,0.09574747652740764,0.07943964004516602,0.012304524902076862,,2,2,400,"{'max_depth': None, 'min_samples_leaf': 2, 'min_samples_split': 2, 'n_estimators': 400}",0.7973410397324696,0.8039775512046639,0.7693485737243264,0.7902223882204865,0.015006618980641456,26,0.9928287799968474,0.993958628969144,0.9945371587704603,0.9937748559121505,0.0007094452813714688,0.7911227154046997,0.7963446475195822,0.7633986928104575,0.7836220185782464,0.01445808476448844,30,0.992815153494448,0.9941214892227302,0.9947780678851175,0.9939049035340984,0.0008158595658013361,0.7947431027205403,0.8056174957118354,0.7716758161258565,0.7906788048527441,0.014151520322282092,28,0.993749970651614,0.9948836752825472,0.9954519393178685,0.9946951950840098,0.000707492249266625,0.8014408263305323,0.8041054828646198,0.7679902844402096,0.7911788645451207,0.016432848892235515,28,0.9919432772867789,0.9930772835475243,0.9936659786591374,0.9928955131644802,0.0007149383930080933,0.7947431027205403,0.8056174957118354,0.7716758161258565,0.7906788048527441,0.014151520322282092,28,0.993749970651614,0.9948836752825472,0.9954519393178685,0.9946951950840098,0.000707492249266625
8.275034666061401,0.2017092300374666,0.19110234578450522,0.057132913991226844,,2,2,800,"{'max_depth': None, 'min_samples_leaf': 2, 'min_samples_split': 2, 'n_estimators': 800}",0.7972009628261258,0.8005353580911858,0.7716375153408352,0.7897912787527156,0.012908624828819139,30,0.9939677654545755,0.9936987405228359,0.9951066762734486,0.9942577274169534,0.0006102618149520404,0.7924281984334204,0.793733681462141,0.7647058823529411,0.7836225874161675,0.013386743923782458,27,0.9941214892227302,0.9934683213585892,0.9954308093994778,0.9943402066602657,0.0008159729635101387,0.7958846552319558,0.802122641509434,0.7753013572513976,0.7911028846642626,0.011459910402038984,21,0.9948889228156231,0.9943180644228187,0.996021415399873,0.9950761342127716,0.0007078781524973939,0.799971694488883,0.8007625741774522,0.7691679317833249,0.7899674001498868,0.014710988770737602,33,0.99308485963234,0.9931137361018213,0.9942302952948826,0.9934762970096812,0.0005332876166993614,0.7958846552319558,0.802122641509434,0.7753013572513976,0.7911028846642626,0.011459910402038984,21,0.9948889228156231,0.9943180644228187,0.996021415399873,0.9950761342127716,0.0007078781524973939
1.956446647644043,0.13173323313333377,0.04536668459574381,0.002878380970958914,,2,6,200,"{'max_depth': None, 'min_samples_leaf': 2, 'min_samples_split': 6, 'n_estimators': 200}",0.7886814979912282,0.7943916413425138,0.7777246690213274,0.7869326027850231,0.006915729290080393,38,0.9891097039907968,0.9859177993003159,0.9893988119045332,0.9881421050652154,0.0015772439989360746,0.783289817232376,0.7872062663185379,0.7686274509803922,0.7797078448437688,0.007996498795797568,38,0.9888961463096015,0.9862834748530372,0.9895561357702349,0.988245252310958,0.0014131111345399155,0.7866543877825103,0.7964408233276158,0.7837198894310095,0.7889383668470451,0.0054386248308362075,34,0.990339573739346,0.988056339501027,0.9909090439516732,0.9897683190640154,0.0012326744903527155,0.7913822409026616,0.7938288917544237,0.7741449765654826,0.7864520364075226,0.008759540192052422,38,0.9879478835104065,0.9839537938783338,0.9880009250727784,0.9866342008205061,0.0018954576199551895,0.7866543877825103,0.7964408233276158,0.7837198894310095,0.7889383668470451,0.0054386248308362075,34,0.990339573739346,0.988056339501027,0.9909090439516732,0.9897683190640154,0.0012326744903527155
4.057574192682902,0.21495743216636704,0.07679526011149089,0.008646157437983673,,2,6,400,"{'max_depth': None, 'min_samples_leaf': 2, 'min_samples_split': 6, 'n_estimators': 400}",0.7932543060850393,0.7962797224183504,0.7665308923331381,0.785354973612176,0.013367817398447016,42,0.9896751799722888,0.9867844647604994,0.9885312139151948,0.9883302862159944,0.0011886512143734363,0.7872062663185379,0.7885117493472585,0.7594771241830065,0.7783983799496009,0.013389959206391248,42,0.9895493141737427,0.9869366427171783,0.9889033942558747,0.9884631170489319,0.0011111243702369277,0.792568175847789,0.7987993138936536,0.7720004444923865,0.7877893114112764,0.011450560663812245,41,0.990903884505414,0.9886232329250633,0.9903395678696687,0.9899555617667154,0.0009698585543154068,0.7948048001181673,0.7951118527014902,0.7628663151269535,0.7842609893155371,0.015128838533277286,41,0.988514591068957,0.9850996288637373,0.9868741770134933,0.9868294656487292,0.001394510916743248,0.792568175847789,0.7987993138936536,0.7720004444923865,0.7877893114112764,0.011450560663812245,41,0.990903884505414,0.9886232329250633,0.9903395678696687,0.9899555617667154,0.0009698585543154068
8.688674052556356,0.10784586781920938,0.19459851582845053,0.04796611937381777,,2,6,800,"{'max_depth': None, 'min_samples_leaf': 2, 'min_samples_split': 6, 'n_estimators': 800}",0.7942438880775403,0.7956852263599308,0.7651714151241769,0.7850335098538826,0.01405694298914066,45,0.9879353237789358,0.987356117437364,0.9882565772734926,0.9878493394965974,0.00037260519921862757,0.7885117493472585,0.7885117493472585,0.7581699346405228,0.77839781111168,0.014303268621759015,45,0.9882429784454605,0.9875898105813194,0.9882506527415144,0.9880278139227648,0.00030973097901558434,0.7936993975672461,0.7987993138936536,0.772113764559373,0.7882041586734241,0.011566557358557761,38,0.9897649323414048,0.989194009180771,0.9897726744456324,0.9895772053226027,0.00027097902425649993,0.7956624239998027,0.7941048534798535,0.7600543495447407,0.7832738756747991,0.016430993107731846,46,0.9862426441139642,0.9856603680075577,0.9868527452870699,0.9862519191361973,0.0004868301645695834,0.7936993975672461,0.7987993138936536,0.772113764559373,0.7882041586734241,0.011566557358557761,38,0.9897649323414048,0.989194009180771,0.9897726744456324,0.9895772053226027,0.00027097902425649993
1.7848823070526123,0.0432083275458315,0.04503305753072103,0.002907170637535544,,2,10,200,"{'max_depth': None, 'min_samples_leaf': 2, 'min_samples_split': 10, 'n_estimators': 200}",0.7851395759045596,0.7898185481061042,0.7658539669355366,0.7802706969820669,0.010371588568186365,64,0.9645346072891172,0.9736274309157107,0.9693986914894894,0.9691869098981059,0.00371514907353849,0.7806788511749347,0.7819843342036553,0.7581699346405228,0.7736110400063709,0.010931510193746854,61,0.9640757674722403,0.9725669497060745,0.9686684073107049,0.9684370414963399,0.003470369004115442,0.7843816135516377,0.7955617495711835,0.7746080370073117,0.7848504667100443,0.008560739259956878,54,0.9687369751862919,0.9754878488100545,0.9727322971709564,0.972319040389101,0.0027714808973802597,0.7864233456290673,0.7860681684836507,0.7594739405730317,0.7773218182285833,0.01262118827757006,68,0.9609432386518676,0.9720132699544464,0.9664911779960992,0.9664825622008043,0.004519325461022173,0.7843816135516377,0.7955617495711835,0.7746080370073117,0.7848504667100443,0.008560739259956878,54,0.9687369751862919,0.9754878488100545,0.9727322971709564,0.972319040389101,0.0027714808973802597
4.149658282597859,0.04873883757216917,0.07088200251261394,0.0050782777531615825,,2,10,400,"{'max_depth': None, 'min_samples_leaf': 2, 'min_samples_split': 10, 'n_estimators': 400}",0.7793679898965619,0.794420152465738,0.7640038314176245,0.7792639912599748,0.012417628821230663,73,0.9679386622444984,0.9736024589830594,0.972536450477627,0.9713591905683949,0.0024575196227561605,0.7741514360313316,0.7872062663185379,0.7568627450980392,0.7727401491493029,0.012427821423785504,71,0.9673416067929458,0.9732201175702155,0.9719321148825065,0.9708312797485559,0.0025229745320057093,0.7799442432399726,0.798885077186964,0.7734871460798133,0.7841054888355833,0.01077808578586308,76,0.9715740249644416,0.9760573073627062,0.9755693469491062,0.9744002264254181,0.002008330544644688,0.7792656847883797,0.7921113927435837,0.7573115801390911,0.7762295525570181,0.014368259312843825,81,0.9647875071916558,0.9714824981778865,0.969897449516358,0.9687224849619668,0.0028567035028139406,0.7799442432399726,0.798885077186964,0.7734871460798133,0.7841054888355833,0.01077808578586308,76,0.9715740249644416,0.9760573073627062,0.9755693469491062,0.9744002264254181,0.002008330544644688
8.406816244125366,0.18200408815443953,0.19465398788452148,0.045741731483396574,,2,10,800,"{'max_depth': None, 'min_samples_leaf': 2, 'min_samples_split': 10, 'n_estimators': 800}",0.7800233497699214,0.7950142286354318,0.7625606901444072,0.7791994228499202,0.013261904886408818,76,0.9670841631029983,0.9733011649354836,0.9730935952922022,0.971159641110228,0.002883043765393668,0.7741514360313316,0.7872062663185379,0.7555555555555555,0.7723044193018084,0.012987185377641694,79,0.9666884389288047,0.9732201175702155,0.9725848563968669,0.9708311376319623,0.0029407882841679367,0.7812043046934264,0.8001072041166382,0.7710855321149439,0.7841323469750029,0.012027591478083646,67,0.9710058372765825,0.976052141966727,0.9761310750572059,0.9743963514335051,0.0023976721063582417,0.7795842123602763,0.7922050562868794,0.7563929758677346,0.7760607481716301,0.014830989535503663,85,0.9637157185464406,0.9709781628033505,0.9705607956342596,0.9684182256613503,0.0033295373765525435,0.7812043046934264,0.8001072041166382,0.7710855321149439,0.7841323469750029,0.012027591478083646,67,0.9710058372765825,0.976052141966727,0.9761310750572059,0.9743963514335051,0.0023976721063582417
1.9176814556121826,0.14088263509953144,0.05026475588480631,0.0060942460905131215,,4,2,200,"{'max_depth': None, 'min_samples_leaf': 4, 'min_samples_split': 2, 'n_estimators': 200}",0.7913420690457081,0.7876903134539828,0.7619522882473753,0.7803282235823553,0.013078992807856748,58,0.955395598332654,0.9584462592536064,0.9574029591033784,0.9570816055632129,0.001265986858012147,0.7859007832898173,0.7806788511749347,0.7542483660130719,0.7736093334926079,0.013855262298993134,64,0.9549314173742652,0.9575440888308295,0.956266318537859,0.9562472749143179,0.0010667036544684855,0.791395630960498,0.7932032590051458,0.7687045797339915,0.7844344898998784,0.011147180066638783,58,0.9601631712900283,0.9618010674589471,0.961940660850521,0.9613016331998322,0.000807028797007254,0.7916877395281928,0.7850091927765306,0.7567372359571848,0.777811389420636,0.015149052881931952,62,0.9513373698903064,0.9556328183939158,0.9536223712815726,0.9535308531885983,0.0017548031480855292,0.791395630960498,0.7932032590051458,0.7687045797339915,0.7844344898998784,0.011147180066638783,58,0.9601631712900283,0.9618010674589471,0.961940660850521,0.9613016331998322,0.000807028797007254
3.7610278129577637,0.0908651976566039,0.07318981488545735,0.006083845905227627,,4,2,400,"{'max_depth': None, 'min_samples_leaf': 4, 'min_samples_split': 2, 'n_estimators': 400}",0.7884678359446399,0.7833785305347387,0.7614054474787872,0.7777506046527219,0.01174303707647739,89,0.9570913428233764,0.9616193700000121,0.9587973308300218,0.9591693478844702,0.001867182377217632,0.783289817232376,0.7754569190600522,0.7542483660130719,0.7709983674351667,0.012268129011783126,89,0.9568909209666885,0.960809928151535,0.9569190600522193,0.9582066363901477,0.001840841102723477,0.789153849105501,0.7886578044596912,0.7686993908589396,0.7821703481413773,0.009527557667160572,89,0.96186384569246,0.9652720484048906,0.9625075542745571,0.963214482790636,0.0014784614474488398,0.7886228685817643,0.7809900086274832,0.7557836265933593,0.7751321679342024,0.014031860812312098,89,0.9530769215357897,0.9584733618000897,0.9557017217315926,0.955750668355824,0.002203359360999657,0.789153849105501,0.7886578044596912,0.7686993908589396,0.7821703481413773,0.009527557667160572,89,0.96186384569246,0.9652720484048906,0.9625075542745571,0.963214482790636,0.0014784614474488398
7.306803146998088,0.42490213633460383,0.15987189610799155,0.012474125171384338,,4,2,800,"{'max_depth': None, 'min_samples_leaf': 4, 'min_samples_split': 2, 'n_estimators': 800}",0.7889950057779899,0.7902581878801656,0.7580541693856367,0.7791024543479307,0.014892316411408542,81,0.952814096296588,0.9616140952514668,0.9556714942169412,0.9566998952549987,0.0036654423946526397,0.783289817232376,0.7819843342036553,0.7516339869281046,0.7723027127880453,0.014624710663567705,82,0.9523187459177008,0.960809928151535,0.9543080939947781,0.9558122560213379,0.0036260098808151564,0.789153849105501,0.7955617495711835,0.7676608276225521,0.7841254754330788,0.011932554008203429,70,0.9578852728316873,0.9652681655732192,0.9596194572212573,0.9609242985420545,0.0031521140485485607,0.7897961974489367,0.7879058765254278,0.7509870865849126,0.7762297201864256,0.017865912452743462,75,0.9485795299512726,0.9585053230719581,0.9523431511041321,0.9531426680424543,0.004091435181747359,0.789153849105501,0.7955617495711835,0.7676608276225521,0.7841254754330788,0.011932554008203429,70,0.9578852728316873,0.9652681655732192,0.9596194572212573,0.9609242985420545,0.0031521140485485607
1.7534960110982258,0.10666548966679022,0.04527203241984049,0.0011672119841884296,,4,6,200,"{'max_depth': None, 'min_samples_leaf': 4, 'min_samples_split': 6, 'n_estimators': 200}",0.7913420690457081,0.7876903134539828,0.7619522882473753,0.7803282235823553,0.013078992807856748,58,0.955395598332654,0.9584462592536064,0.9574029591033784,0.9570816055632129,0.001265986858012147,0.7859007832898173,0.7806788511749347,0.7542483660130719,0.7736093334926079,0.013855262298993134,64,0.9549314173742652,0.9575440888308295,0.956266318537859,0.9562472749143179,0.0010667036544684855,0.791395630960498,0.7932032590051458,0.7687045797339915,0.7844344898998784,0.011147180066638783,58,0.9601631712900283,0.9618010674589471,0.961940660850521,0.9613016331998322,0.000807028797007254,0.7916877395281928,0.7850091927765306,0.7567372359571848,0.777811389420636,0.015149052881931952,62,0.9513373698903064,0.9556328183939158,0.9536223712815726,0.9535308531885983,0.0017548031480855292,0.791395630960498,0.7932032590051458,0.7687045797339915,0.7844344898998784,0.011147180066638783,58,0.9601631712900283,0.9618010674589471,0.961940660850521,0.9613016331998322,0.000807028797007254
3.6959142684936523,0.038591999345622435,0.07483180363972981,0.005481966970924932,,4,6,400,"{'max_depth': None, 'min_samples_leaf': 4, 'min_samples_split': 6, 'n_estimators': 400}",0.7884678359446399,0.7833785305347387,0.7614054474787872,0.7777506046527219,0.01174303707647739,89,0.9570913428233764,0.9616193700000121,0.9587973308300218,0.9591693478844702,0.001867182377217632,0.783289817232376,0.7754569190600522,0.7542483660130719,0.7709983674351667,0.012268129011783126,89,0.9568909209666885,0.960809928151535,0.9569190600522193,0.9582066363901477,0.001840841102723477,0.789153849105501,0.7886578044596912,0.7686993908589396,0.7821703481413773,0.009527557667160572,89,0.96186384569246,0.9652720484048906,0.9625075542745571,0.963214482790636,0.0014784614474488398,0.7886228685817643,0.7809900086274832,0.7557836265933593,0.7751321679342024,0.014031860812312098,89,0.9530769215357897,0.9584733618000897,0.9557017217315926,0.955750668355824,0.002203359360999657,0.789153849105501,0.7886578044596912,0.7686993908589396,0.7821703481413773,0.009527557667160572,89,0.96186384569246,0.9652720484048906,0.9625075542745571,0.963214482790636,0.0014784614474488398
7.528252522150676,0.23933792034079515,0.1859130859375,0.049068421995786655,,4,6,800,"{'max_depth': None, 'min_samples_leaf': 4, 'min_samples_split': 6, 'n_estimators': 800}",0.7889950057779899,0.7902581878801656,0.7580541693856367,0.7791024543479307,0.014892316411408542,81,0.952814096296588,0.9616140952514668,0.9556714942169412,0.9566998952549987,0.0036654423946526397,0.783289817232376,0.7819843342036553,0.7516339869281046,0.7723027127880453,0.014624710663567705,82,0.9523187459177008,0.960809928151535,0.9543080939947781,0.9558122560213379,0.0036260098808151564,0.789153849105501,0.7955617495711835,0.7676608276225521,0.7841254754330788,0.011932554008203429,70,0.9578852728316873,0.9652681655732192,0.9596194572212573,0.9609242985420545,0.0031521140485485607,0.7897961974489367,0.7879058765254278,0.7509870865849126,0.7762297201864256,0.017865912452743462,75,0.9485795299512726,0.9585053230719581,0.9523431511041321,0.9531426680424543,0.004091435181747359,0.789153849105501,0.7955617495711835,0.7676608276225521,0.7841254754330788,0.011932554008203429,70,0.9578852728316873,0.9652681655732192,0.9596194572212573,0.9609242985420545,0.0031521140485485607
1.8067503770192463,0.06509624762610744,0.04619900385538737,0.0019721533435874943,,4,10,200,"{'max_depth': None, 'min_samples_leaf': 4, 'min_samples_split': 10, 'n_estimators': 200}",0.7766190439758851,0.7783978746144543,0.7620752365319522,0.7723640517074305,0.007311445269645995,105,0.9505021420624153,0.948202286951723,0.9448236773194116,0.9478427021111834,0.0023321258403072955,0.7715404699738904,0.7728459530026109,0.7542483660130719,0.7662115963298577,0.008476053767090649,105,0.9497060744611365,0.9470934030045721,0.9432114882506527,0.9466703219054539,0.0026682279667318573,0.7751616768941507,0.7839408233276158,0.7712040410569823,0.7767688470929163,0.005322508975300496,105,0.9549945931204192,0.9527307023968703,0.949353997681581,0.9523597643996234,0.002317653335382107,0.778609531148704,0.7750027183725128,0.755605549830926,0.7697392664507143,0.01010193822052592,101,0.9467780316759542,0.944368195463295,0.9409975894207687,0.9440479388533394,0.0023706962955425395,0.7751616768941507,0.7839408233276158,0.7712040410569823,0.7767688470929163,0.005322508975300496,105,0.9549945931204192,0.9527307023968703,0.949353997681581,0.9523597643996234,0.002317653335382107
3.73333477973938,0.0985631703896337,0.08485722541809082,0.01926605653459039,,4,10,400,"{'max_depth': None, 'min_samples_leaf': 4, 'min_samples_split': 10, 'n_estimators': 400}",0.7784180639851115,0.7844846490767433,0.7630756200374718,0.7753261110331088,0.009009504643953944,98,0.9456512149705021,0.9493215559999852,0.9453810171977733,0.9467845960560869,0.0017972898165117845,0.7741514360313316,0.779373368146214,0.7555555555555555,0.7696934532443671,0.01022178252711946,97,0.9451338994121489,0.9483997387328543,0.9432114882506527,0.945581708798552,0.0021416326640251774,0.7774344511250233,0.790844768439108,0.7723352627764393,0.7802048274468568,0.0078062662305152224,98,0.9510121492075327,0.9532396239141951,0.9493514150236128,0.9512010627151136,0.001592965437836165,0.7796862734651931,0.7817796112543791,0.7564720262275824,0.7726459703157182,0.011468590913142349,98,0.9413417013086813,0.9459773158697593,0.9419944184839044,0.943104478554115,0.0020488054420932707,0.7774344511250233,0.790844768439108,0.7723352627764393,0.7802048274468568,0.0078062662305152224,98,0.9510121492075327,0.9532396239141951,0.9493514150236128,0.9512010627151136,0.001592965437836165
7.412114381790161,0.19302332610300882,0.166139284769694,0.0068977067420472465,,4,10,800,"{'max_depth': None, 'min_samples_leaf': 4, 'min_samples_split': 10, 'n_estimators': 800}",0.784049726369175,0.7835246866372694,0.7517906180925344,0.773121677032993,0.015084859370043988,101,0.9465332657727004,0.9513012866762868,0.9467964893398176,0.9482103472629348,0.002188264381396116,0.7780678851174935,0.7780678851174935,0.7450980392156863,0.7670779364835578,0.015542134407895574,101,0.94578706727629,0.9503592423252776,0.9451697127937336,0.9471053407984337,0.0023146184709480137,0.784608300643756,0.7909305317324185,0.7632080785183122,0.7795823036314955,0.011862520460889018,101,0.9521995659887237,0.9549377390576884,0.9510495126377533,0.9527289392280552,0.0016309001999020056,0.7842555893090127,0.7797688569075265,0.7440136538315109,0.76934603334935,0.018006106018746623,104,0.9419476022098954,0.9481853016378475,0.9432306657346304,0.9444545231941244,0.002689559300856806,0.784608300643756,0.7909305317324185,0.7632080785183122,0.7795823036314955,0.011862520460889018,101,0.9521995659887237,0.9549377390576884,0.9510495126377533,0.9527289392280552,0.0016309001999020056
2.091984987258911,0.2221950317106243,0.0367737611134847,0.0036439718855551897,20,1,2,200,"{'max_depth': 20, 'min_samples_leaf': 1, 'min_samples_split': 2, 'n_estimators': 200}",0.7961350420744253,0.7985877970454571,0.7757891247411177,0.7901706546203334,0.010218457254304097,29,1.0,1.0,1.0,1.0,0.0,0.7924281984334204,0.7911227154046997,0.7725490196078432,0.7853666444819877,0.00907908593215884,19,1.0,1.0,1.0,1.0,0.0,0.7909063941698913,0.7949614065180103,0.7746935645606072,0.7868537884161696,0.008756485765758259,45,1.0,1.0,1.0,1.0,0.0,0.8054789152289792,0.8039541313989504,0.7788392090598202,0.7960907518959166,0.012214555227305158,10,1.0,1.0,1.0,1.0,0.0,0.7909063941698913,0.7949614065180103,0.7746935645606072,0.7868537884161696,0.008756485765758259,45,1.0,1.0,1.0,1.0,0.0
4.370675881703694,0.07635095723989857,0.07639638582865398,0.006905950461396276,20,1,2,400,"{'max_depth': 20, 'min_samples_leaf': 1, 'min_samples_split': 2, 'n_estimators': 400}",0.7977189676934693,0.8096727342067219,0.7745267815242385,0.7939728278081432,0.014590742967607104,15,1.0,1.0,1.0,1.0,0.0,0.7950391644908616,0.8015665796344648,0.7712418300653595,0.7892825247302286,0.013032057527689501,9,1.0,1.0,1.0,1.0,0.0,0.7931791684007639,0.8077186963979417,0.7735313035071294,0.7914763894352784,0.014008784156656037,20,1.0,1.0,1.0,1.0,0.0,0.8049943643929375,0.8136688581705405,0.7768889402064549,0.7985173875899777,0.01569828043111252,8,1.0,1.0,1.0,1.0,0.0,0.7931791684007639,0.8077186963979417,0.7735313035071294,0.7914763894352784,0.014008784156656037,20,1.0,1.0,1.0,1.0,0.0
8.793272177378336,0.09713536851103291,0.13405760129292807,0.0183702090035068,20,1,2,800,"{'max_depth': 20, 'min_samples_leaf': 1, 'min_samples_split': 2, 'n_estimators': 800}",0.8077042483660131,0.8073185141368107,0.7796068506019137,0.7982098710349125,0.013155264463243653,1,1.0,1.0,1.0,1.0,0.0,0.8028720626631853,0.8002610966057441,0.7738562091503268,0.7923297894730853,0.013106211336470391,1,1.0,1.0,1.0,1.0,0.0,0.8024762908324552,0.8053602058319039,0.7783035390609927,0.7953800119084505,0.012132152463969087,5,1.0,1.0,1.0,1.0,0.0,0.8154655839845792,0.8113445896450469,0.7819960301134841,0.8029354012477034,0.01490164635667365,1,1.0,1.0,1.0,1.0,0.0,0.8024762908324552,0.8053602058319039,0.7783035390609927,0.7953800119084505,0.012132152463969087,5,1.0,1.0,1.0,1.0,0.0
2.0747135480244956,0.03288661936514948,0.04199918111165365,0.003555767160976393,20,1,6,200,"{'max_depth': 20, 'min_samples_leaf': 1, 'min_samples_split': 6, 'n_estimators': 200}",0.796057522794086,0.7966780380490887,0.7787812681704285,0.7905056096712011,0.00829423082692528,22,0.997418695026002,0.9957111567341748,0.9971616177440572,0.9967638231680779,0.0007517101161232003,0.7911227154046997,0.7885117493472585,0.7725490196078432,0.7840611614532671,0.008209804842997126,25,0.9973873285434357,0.9954278249510125,0.9967362924281984,0.9965171486408821,0.000814833963381242,0.7934933720590449,0.7987993138936536,0.78090089470025,0.7910645268843162,0.007506122792662941,24,0.99772467832995,0.9960148970020042,0.9971577849059138,0.9969657867459559,0.0007110956416771961,0.8002619249438342,0.7957316425212901,0.7773695697390706,0.7911210457347316,0.009898086810134397,31,0.9971226395734878,0.9954329744302517,0.9971744992492569,0.9965767044176655,0.0008090163037396573,0.7934933720590449,0.7987993138936536,0.78090089470025,0.7910645268843162,0.007506122792662941,24,0.99772467832995,0.9960148970020042,0.9971577849059138,0.9969657867459559,0.0007110956416771961
4.1835378011067705,0.2406693654195578,0.07098817825317383,0.0011052788242772275,20,1,6,400,"{'max_depth': 20, 'min_samples_leaf': 1, 'min_samples_split': 6, 'n_estimators': 400}",0.7936968568771865,0.8030840145556459,0.7751911985649078,0.7906573566659135,0.011588247412041817,21,0.9962823387572017,0.9962807074345701,0.9979862297346652,0.9968497586421456,0.0008036066921086861,0.7885117493472585,0.7950391644908616,0.7699346405228759,0.7844951847869986,0.010635126517499916,24,0.9960809928151535,0.9960809928151535,0.9980417754569191,0.9967345870290755,0.000924321801616876,0.7912309286201309,0.8032590051457976,0.7761494146465944,0.7902131161375076,0.011090819956040538,32,0.9965896030877319,0.996585673257712,0.9982915717539863,0.9971556160331434,0.0008032435955457071,0.7976383019775285,0.8043015370705244,0.7761127761127762,0.7926842050536097,0.012029377050425463,23,0.9959810986409734,0.995994754968131,0.9976920865454235,0.9965559800515092,0.0008033679513786213,0.7912309286201309,0.8032590051457976,0.7761494146465944,0.7902131161375076,0.011090819956040538,32,0.9965896030877319,0.996585673257712,0.9982915717539863,0.9971556160331434,0.0008032435955457071
9.064252614974976,0.0998191446437118,0.16723068555196127,0.05668775912893562,20,1,6,800,"{'max_depth': 20, 'min_samples_leaf': 1, 'min_samples_split': 6, 'n_estimators': 800}",0.8019137787297335,0.8019215259513073,0.7831692329271911,0.7956681792027439,0.008838090235046177,8,0.9962836448257093,0.9962767647085384,0.9979862297346652,0.9968488797563043,0.0008042327871792799,0.7976501305483029,0.793733681462141,0.7777777777777778,0.7897205299294071,0.0085948294564256,8,0.9960809928151535,0.9960809928151535,0.9980417754569191,0.9967345870290755,0.000924321801616876,0.8004198729017424,0.802122641509434,0.7854412542869432,0.7959945895660399,0.007494643392343839,1,0.9965921857457003,0.9965805078617327,0.9982915717539863,0.997154755120473,0.0008038648878668266,0.8048288358176114,0.8030720338983052,0.7818360181223063,0.7965789626127409,0.010449478373965152,9,0.9959836698000832,0.9959973085160305,0.9976920865454235,0.996557688287179,0.0008021600255452615,0.8004198729017424,0.802122641509434,0.7854412542869432,0.7959945895660399,0.007494643392343839,1,0.9965921857457003,0.9965805078617327,0.9982915717539863,0.997154755120473,0.0008038648878668266
2.1892876625061035,0.14748883528139003,0.0447846253712972,0.0008261638351331998,20,1,10,200,"{'max_depth': 20, 'min_samples_leaf': 1, 'min_samples_split': 10, 'n_estimators': 200}",0.7897846895587466,0.7893689368221646,0.7682051342954024,0.7824529202254379,0.010076135685059075,50,0.9871423751318709,0.9845445032055906,0.9868490582871784,0.9861786455415467,0.001161701216167596,0.7859007832898173,0.783289817232376,0.7620915032679738,0.7770940345967223,0.010661808653345796,49,0.9862834748530372,0.983670803396473,0.9862924281984334,0.9854155688159811,0.0012337408743147336,0.7876877621438458,0.7942538593481989,0.774273218723259,0.7854049467384346,0.008315244417218957,50,0.9880655580724731,0.9857861655375182,0.9880719941735236,0.9873079059278383,0.0010760361572295207,0.7937278924097273,0.7867378894665444,0.7640670269132649,0.7815109362631789,0.012660503290218195,49,0.9862497213542492,0.9833818130947829,0.9856891079667253,0.9851068808052524,0.001241092474890898,0.7876877621438458,0.7942538593481989,0.774273218723259,0.7854049467384346,0.008315244417218957,50,0.9880655580724731,0.9857861655375182,0.9880719941735236,0.9873079059278383,0.0010760361572295207
4.366637706756592,0.16064970437074233,0.06737565994262695,0.005328209952282721,20,1,10,400,"{'max_depth': 20, 'min_samples_leaf': 1, 'min_samples_split': 10, 'n_estimators': 400}",0.7901626775088914,0.7855072328866862,0.7644608333456955,0.7800435812470911,0.0111813778303165,70,0.9865683687119962,0.9868220888275234,0.9848513210050942,0.9860805928482046,0.0008753762705084047,0.7859007832898173,0.779373368146214,0.7581699346405228,0.7744813620255181,0.011837758363705349,60,0.9856303069888962,0.9862834748530372,0.9843342036553525,0.985415995165762,0.0008100871223443193,0.7877290853116801,0.790844768439108,0.7708692227729295,0.7831476921745725,0.00877486860197721,88,0.9874947935963231,0.9880602223326984,0.98636356592751,0.9873061939521772,0.0007053784367962746,0.7951673555056262,0.7828347301316706,0.7599209784581946,0.7793076880318305,0.014603807567958933,57,0.9856724277511473,0.9856539146121761,0.9834951433105796,0.9849404952246342,0.0010220460852867121,0.7877290853116801,0.790844768439108,0.7708692227729295,0.7831476921745725,0.00877486860197721,88,0.9874947935963231,0.9880602223326984,0.98636356592751,0.9873061939521772,0.0007053784367962746
9.16791836420695,0.09749600611071367,0.1866899331410726,0.04514370481818588,20,1,10,800,"{'max_depth': 20, 'min_samples_leaf': 1, 'min_samples_split': 10, 'n_estimators': 800}",0.7938914601783132,0.7832808919443391,0.7712616511102452,0.7828113344109658,0.009244545340259262,49,0.9865683687119962,0.9879595338553219,0.9840084656929272,0.9861787894200816,0.0016363707657472922,0.7885117493472585,0.7767624020887729,0.7647058823529411,0.7766600112629908,0.009718974182792684,50,0.9856303069888962,0.9875898105813194,0.9830287206266318,0.9854162793989492,0.0018681972148985402,0.7937303899431216,0.7885720411663808,0.7778008655325336,0.7867010988806786,0.006636402427229243,46,0.9874947935963231,0.989194009180771,0.9852271964214692,0.9873053330661877,0.0016249763764845785,0.7959128580624397,0.7804745064852444,0.766749352546036,0.7810455723645733,0.011912797059751255,50,0.9856724277511473,0.98681726284146,0.9829209220968235,0.985136870896477,0.0016351317292534308,0.7937303899431216,0.7885720411663808,0.7778008655325336,0.7867010988806786,0.006636402427229243,46,0.9874947935963231,0.989194009180771,0.9852271964214692,0.9873053330661877,0.0016249763764845785
2.176560322443644,0.13136175621326712,0.04478534062703451,0.0015092908496520797,20,2,2,200,"{'max_depth': 20, 'min_samples_leaf': 2, 'min_samples_split': 2, 'n_estimators': 200}",0.7982480991996524,0.7943995246226647,0.7751539405447296,0.789267188122349,0.010102498023064784,33,0.9939677654545755,0.9954052907197615,0.9945371587704603,0.9946367383149325,0.00059107629866762,0.7924281984334204,0.7872062663185379,0.7699346405228759,0.783189701758278,0.009612132264966202,33,0.9941214892227302,0.9954278249510125,0.9947780678851175,0.9947757940196201,0.0005333117516018027,0.7958639936480387,0.798885077186964,0.7761545565635009,0.7903012091328345,0.010078940771905468,31,0.9948889228156231,0.9960200623979835,0.9954519393178685,0.9954536415104916,0.000461787369388676,0.8021204745171807,0.7916157682684625,0.7758825944170771,0.7898729457342402,0.010782227995678774,36,0.99308485963234,0.9948185333967005,0.9936659786591374,0.9938564572293926,0.0007204710239849258,0.7958639936480387,0.798885077186964,0.7761545565635009,0.7903012091328345,0.010078940771905468,31,0.9948889228156231,0.9960200623979835,0.9954519393178685,0.9954536415104916,0.000461787369388676
4.473081350326538,0.1813069985762655,0.07070096333821614,0.0015725987826812364,20,2,2,400,"{'max_depth': 20, 'min_samples_leaf': 2, 'min_samples_split': 2, 'n_estimators': 400}",0.7955166623972432,0.8012517924958581,0.7688075377867336,0.7885253308932784,0.014137808718854688,34,0.9928287799968474,0.9942656448087202,0.9945371587704603,0.9938771945253425,0.0007495819837415578,0.7898172323759791,0.793733681462141,0.7620915032679738,0.7818808057020313,0.014084199456153447,37,0.992815153494448,0.9941214892227302,0.9947780678851175,0.9939049035340984,0.0008158595658013361,0.7935912194171661,0.8045668953687821,0.7717840412340815,0.7899807186733433,0.013624871082451227,33,0.993749970651614,0.9948836752825472,0.9954519393178685,0.9946951950840098,0.000707492249266625,0.798835785086081,0.7995678235976855,0.7669969050566066,0.7884668379134577,0.015184476343816622,37,0.9919432772867789,0.9936756031063047,0.9936659786591374,0.9930949530174069,0.000814367197638402,0.7935912194171661,0.8045668953687821,0.7717840412340815,0.7899807186733433,0.013624871082451227,33,0.993749970651614,0.9948836752825472,0.9954519393178685,0.9946951950840098,0.000707492249266625
9.00558336575826,0.22526978876700726,0.13893985748291016,0.02060215285433415,20,2,2,800,"{'max_depth': 20, 'min_samples_leaf': 2, 'min_samples_split': 2, 'n_estimators': 800}",0.7999926109769654,0.803495410483264,0.7716375153408352,0.7917085122670215,0.014264199692553534,19,0.9942701113768813,0.9936987405228359,0.9951066762734486,0.9943585093910553,0.0005781761128155643,0.7950391644908616,0.7963446475195822,0.7647058823529411,0.7853632314544616,0.01461667142708713,20,0.9941214892227302,0.9934683213585892,0.9954308093994778,0.9943402066602657,0.0008159729635101387,0.7981470986708699,0.8056174957118354,0.7753013572513976,0.7930219838780342,0.012896179383003723,18,0.9948889228156231,0.9943180644228187,0.996021415399873,0.9950761342127716,0.0007078781524973939,0.8032452782813719,0.8031664247286503,0.7691679317833249,0.7918598782644489,0.016045661527805503,24,0.9936752389545624,0.9931137361018213,0.9942302952948826,0.9936730901170888,0.0004558359142127753,0.7981470986708699,0.8056174957118354,0.7753013572513976,0.7930219838780342,0.012896179383003723,18,0.9948889228156231,0.9943180644228187,0.996021415399873,0.9950761342127716,0.0007078781524973939
2.2566117445627847,0.09109139862514024,0.046194871266682945,0.0007628281912870118,20,2,6,200,"{'max_depth': 20, 'min_samples_leaf': 2, 'min_samples_split': 6, 'n_estimators': 200}",0.7915525914038044,0.8030290190382506,0.7775848205260243,0.7907221436560263,0.0104041351419756,20,0.9891109957867362,0.9859177993003159,0.9899671314626508,0.9883319755165676,0.0017424938404922601,0.7859007832898173,0.7963446475195822,0.7686274509803922,0.7836242939299306,0.011429422524119636,26,0.9888961463096015,0.9862834748530372,0.9902088772845953,0.9884628328157447,0.001631567038236402,0.7889271620133829,0.8043953687821612,0.783709558639051,0.7923440298115317,0.008783770051700284,19,0.9903382853452004,0.988056339501027,0.9914785200336779,0.9899577149599684,0.0014227802039435216,0.794989224137931,0.8029159677290518,0.7737466141712466,0.7905506020127432,0.01231499956753869,32,0.9879414816664723,0.9839537938783338,0.9885552021519697,0.9868168258989253,0.002039914617784903,0.7889271620133829,0.8043953687821612,0.783709558639051,0.7923440298115317,0.008783770051700284,19,0.9903382853452004,0.988056339501027,0.9914785200336779,0.9899577149599684,0.0014227802039435216
4.3342711130778,0.18295355521711407,0.07014767328898112,0.0012623565048327193,20,2,6,400,"{'max_depth': 20, 'min_samples_leaf': 2, 'min_samples_split': 6, 'n_estimators': 400}",0.7932543060850393,0.7962797224183504,0.7655210451687532,0.7850183578907144,0.013841897474236853,48,0.9896751799722888,0.9867844647604994,0.9888304547820168,0.9884300331716016,0.001213620398774744,0.7872062663185379,0.7885117493472585,0.7581699346405228,0.7779626501021064,0.014005707419762281,48,0.9895493141737427,0.9869366427171783,0.9889033942558747,0.9884631170489319,0.0011111243702369277,0.792568175847789,0.7987993138936536,0.7708692227729295,0.7874122375047907,0.011971083845405371,44,0.990903884505414,0.9886232329250633,0.9903395678696687,0.9899555617667154,0.0009698585543154068,0.7948048001181673,0.7951118527014902,0.7619274108244698,0.7839480212147091,0.015571427504487574,45,0.988514591068957,0.9850996288637373,0.9874491213459142,0.987021113759536,0.0014266241238830733,0.792568175847789,0.7987993138936536,0.7708692227729295,0.7874122375047907,0.011971083845405371,44,0.990903884505414,0.9886232329250633,0.9903395678696687,0.9899555617667154,0.0009698585543154068
8.707247257232666,0.08871439519168349,0.16707992553710938,0.053401962134822734,20,2,6,800,"{'max_depth': 20, 'min_samples_leaf': 2, 'min_samples_split': 6, 'n_estimators': 800}",0.7942438880775403,0.7981856287829339,0.764501064271208,0.7856435270438941,0.015036336633146406,41,0.9879353237789358,0.987356117437364,0.9882565772734926,0.9878493394965974,0.00037260519921862757,0.7885117493472585,0.7911227154046997,0.7568627450980392,0.7788324032833325,0.015571420327472713,41,0.9882429784454605,0.9875898105813194,0.9882506527415144,0.9880278139227648,0.00030973097901558434,0.7936993975672461,0.8010720411663808,0.7709774009230093,0.7885829465522121,0.012807690296235328,37,0.9897649323414048,0.989194009180771,0.9897726744456324,0.9895772053226027,0.00027097902425649993,0.7956624239998027,0.7966339328839329,0.7598994470295289,0.7840652679710881,0.017092418079616735,44,0.9862426441139642,0.9856603680075577,0.9868527452870699,0.9862519191361973,0.0004868301645695834,0.7936993975672461,0.8010720411663808,0.7709774009230093,0.7885829465522121,0.012807690296235328,37,0.9897649323414048,0.989194009180771,0.9897726744456324,0.9895772053226027,0.00027097902425649993
1.9468108018239338,0.10918727451015475,0.05163224538167318,0.00894460742052153,20,2,10,200,"{'max_depth': 20, 'min_samples_leaf': 2, 'min_samples_split': 10, 'n_estimators': 200}",0.7850495225627268,0.785077103206399,0.7664712247435603,0.7788659501708954,0.008764401633397288,87,0.9645346072891172,0.9733318788443792,0.9671177273054385,0.9683280711463116,0.0036920361016752512,0.7806788511749347,0.7780678851174935,0.7581699346405228,0.7723055569776504,0.010052069441387056,78,0.9640757674722403,0.9725669497060745,0.9660574412532638,0.967566719477193,0.0036270726947926065,0.7843919443435963,0.7909305317324185,0.7746183677992703,0.783313614625095,0.006702923207169998,87,0.9687369751862919,0.9754878488100545,0.9704647234748114,0.971563182490386,0.0028633934212953295,0.7865988256191476,0.781328776835788,0.760543344593423,0.7761569823494529,0.011248188491993995,84,0.9609432386518676,0.9714742811121386,0.9641572845830861,0.9655249347823641,0.0044067042957821045,0.7843919443435963,0.7909305317324185,0.7746183677992703,0.783313614625095,0.006702923207169998,87,0.9687369751862919,0.9754878488100545,0.9704647234748114,0.971563182490386,0.0028633934212953295
4.196799675623576,0.18252107547845733,0.06859103838602702,0.0024862337619437425,20,2,10,400,"{'max_depth': 20, 'min_samples_leaf': 2, 'min_samples_split': 10, 'n_estimators': 400}",0.7811473796409234,0.7950595089884676,0.7650324746030279,0.7804131210774731,0.012269475680853787,57,0.9676599540400754,0.9736024589830594,0.9719619196464082,0.9710747775565144,0.0025058075298651336,0.7754569190600522,0.7872062663185379,0.7568627450980392,0.7731753101588764,0.012492307617040618,70,0.9666884389288047,0.9732201175702155,0.9712793733681462,0.9703959766223887,0.002738734358114654,0.7810961265433465,0.798885077186964,0.7734923349548651,0.7844911795617252,0.010640884307382734,57,0.9710071315404052,0.9760573073627062,0.9749998708671016,0.9740214365900709,0.0021747136493325287,0.7818336983334448,0.7930288225685189,0.7589207417809071,0.7779277542276236,0.014195834911971277,61,0.9647278048636683,0.9714824981778865,0.9693399272941412,0.9685167434452321,0.002818355806626116,0.7810961265433465,0.798885077186964,0.7734923349548651,0.7844911795617252,0.010640884307382734,57,0.9710071315404052,0.9760573073627062,0.9749998708671016,0.9740214365900709,0.0021747136493325287
8.556308587392172,0.06189742154714281,0.18617773056030273,0.03764148471109821,20,2,10,800,"{'max_depth': 20, 'min_samples_leaf': 2, 'min_samples_split': 10, 'n_estimators': 800}",0.7817078059944678,0.7950142286354318,0.758954758123724,0.7785589309178745,0.014888651474242006,88,0.9679433495166909,0.9727219013450208,0.9730935952922022,0.9712529487179712,0.0023451544728694818,0.7754569190600522,0.7872062663185379,0.7516339869281046,0.7714323907688981,0.014798522138657073,88,0.9673416067929458,0.9725669497060745,0.9725848563968669,0.9708311376319623,0.00246748174862952,0.782345857204842,0.8001072041166382,0.7676660634557492,0.7833730415924097,0.013263941914565307,86,0.971575313358587,0.9754813657110192,0.9761310750572059,0.9743959180422707,0.0020120286023222428,0.7818284048429933,0.7922050562868794,0.7525965459822955,0.7755433357040561,0.01676971660857746,88,0.9647868503502507,0.9704166418742618,0.9705607956342596,0.9685880959529239,0.0026885307233397767,0.782345857204842,0.8001072041166382,0.7676660634557492,0.7833730415924097,0.013263941914565307,86,0.971575313358587,0.9754813657110192,0.9761310750572059,0.9743959180422707,0.0020120286023222428
1.862367073694865,0.08543902354303312,0.04529960950215658,0.0019504416202721154,20,4,2,200,"{'max_depth': 20, 'min_samples_leaf': 4, 'min_samples_split': 2, 'n_estimators': 200}",0.7895797146908715,0.7876903134539828,0.7602510586605866,0.7791736956018136,0.013402539581875423,79,0.955395598332654,0.9584462592536064,0.9562556622969944,0.9566991732944183,0.0012843051343777194,0.7845953002610966,0.7806788511749347,0.7529411764705882,0.7727384426355398,0.014089794274948997,74,0.9549314173742652,0.9575440888308295,0.9549608355091384,0.9558121139047445,0.0012247501010697714,0.790264409241041,0.7932032590051458,0.767563027222576,0.7836768984895875,0.011457220282173206,81,0.9601631712900283,0.9618010674589471,0.9608042913444801,0.9609228433644851,0.0006739025157618489,0.7894136647860581,0.7850091927765306,0.7546550083371446,0.7763592886332443,0.015452220569644749,73,0.9513373698903064,0.9556328183939158,0.95247974180583,0.9531499766966841,0.001816522422740537,0.790264409241041,0.7932032590051458,0.767563027222576,0.7836768984895875,0.011457220282173206,81,0.9601631712900283,0.9618010674589471,0.9608042913444801,0.9609228433644851,0.0006739025157618489
3.684565703074137,0.17347855399177214,0.06996504465738933,0.0008725826707831891,20,4,2,400,"{'max_depth': 20, 'min_samples_leaf': 4, 'min_samples_split': 2, 'n_estimators': 400}",0.7860482970878757,0.7833785305347387,0.7614054474787872,0.7769440917004672,0.011041407263811491,95,0.9570913428233764,0.9601865365953011,0.9593704657022701,0.9588827817069824,0.0013098175142324487,0.7806788511749347,0.7754569190600522,0.7542483660130719,0.7701280454160196,0.01142921132328363,95,0.9568909209666885,0.9595035924232528,0.9575718015665796,0.9579887716521736,0.0011066198004724896,0.7868810748746285,0.7886578044596912,0.7686993908589396,0.7814127567310866,0.009018922546657523,95,0.96186384569246,0.9641343787251465,0.9630744476985935,0.9630242240387333,0.0009276212859198869,0.7861054095737781,0.7809900086274832,0.7557836265933593,0.7742930149315402,0.01325367682822466,95,0.9530769215357897,0.956812641378886,0.9562866233474354,0.9553920620873703,0.001651076532151614,0.7868810748746285,0.7886578044596912,0.7686993908589396,0.7814127567310866,0.009018922546657523,95,0.96186384569246,0.9641343787251465,0.9630744476985935,0.9630242240387333,0.0009276212859198869
7.706363995869954,0.19359792153500774,0.20371127128601074,0.04965224249172097,20,4,2,800,"{'max_depth': 20, 'min_samples_leaf': 4, 'min_samples_split': 2, 'n_estimators': 800}",0.7889950057779899,0.790820070110346,0.7580541693856367,0.7792897484246576,0.015034295855281122,71,0.952814096296588,0.9616140952514668,0.9556714942169412,0.9566998952549987,0.0036654423946526397,0.783289817232376,0.783289817232376,0.7516339869281046,0.7727378737976188,0.014922701514827295,76,0.9523187459177008,0.960809928151535,0.9543080939947781,0.9558122560213379,0.0036260098808151564,0.789153849105501,0.7954759862778731,0.7676608276225521,0.784096887668642,0.01190519234019563,79,0.9578852728316873,0.9652681655732192,0.9596194572212573,0.9609242985420545,0.0031521140485485607,0.7897961974489367,0.7884578505109736,0.7509870865849126,0.776413711514941,0.017987638989610668,71,0.9485795299512726,0.9585053230719581,0.9523431511041321,0.9531426680424543,0.004091435181747359,0.789153849105501,0.7954759862778731,0.7676608276225521,0.784096887668642,0.01190519234019563,79,0.9578852728316873,0.9652681655732192,0.9596194572212573,0.9609242985420545,0.0031521140485485607
1.9077316919962566,0.10696969531375937,0.04735859235127767,0.0005463620444185575,20,4,6,200,"{'max_depth': 20, 'min_samples_leaf': 4, 'min_samples_split': 6, 'n_estimators': 200}",0.7895797146908715,0.7876903134539828,0.7602510586605866,0.7791736956018136,0.013402539581875423,79,0.955395598332654,0.9584462592536064,0.9562556622969944,0.9566991732944183,0.0012843051343777194,0.7845953002610966,0.7806788511749347,0.7529411764705882,0.7727384426355398,0.014089794274948997,74,0.9549314173742652,0.9575440888308295,0.9549608355091384,0.9558121139047445,0.0012247501010697714,0.790264409241041,0.7932032590051458,0.767563027222576,0.7836768984895875,0.011457220282173206,81,0.9601631712900283,0.9618010674589471,0.9608042913444801,0.9609228433644851,0.0006739025157618489,0.7894136647860581,0.7850091927765306,0.7546550083371446,0.7763592886332443,0.015452220569644749,73,0.9513373698903064,0.9556328183939158,0.95247974180583,0.9531499766966841,0.001816522422740537,0.790264409241041,0.7932032590051458,0.767563027222576,0.7836768984895875,0.011457220282173206,81,0.9601631712900283,0.9618010674589471,0.9608042913444801,0.9609228433644851,0.0006739025157618489
4.012033303578694,0.11059296007210892,0.07389124234517415,0.006771675676272005,20,4,6,400,"{'max_depth': 20, 'min_samples_leaf': 4, 'min_samples_split': 6, 'n_estimators': 400}",0.7860482970878757,0.7833785305347387,0.7614054474787872,0.7769440917004672,0.011041407263811491,95,0.9570913428233764,0.9601865365953011,0.9593704657022701,0.9588827817069824,0.0013098175142324487,0.7806788511749347,0.7754569190600522,0.7542483660130719,0.7701280454160196,0.01142921132328363,95,0.9568909209666885,0.9595035924232528,0.9575718015665796,0.9579887716521736,0.0011066198004724896,0.7868810748746285,0.7886578044596912,0.7686993908589396,0.7814127567310866,0.009018922546657523,95,0.96186384569246,0.9641343787251465,0.9630744476985935,0.9630242240387333,0.0009276212859198869,0.7861054095737781,0.7809900086274832,0.7557836265933593,0.7742930149315402,0.01325367682822466,95,0.9530769215357897,0.956812641378886,0.9562866233474354,0.9553920620873703,0.001651076532151614,0.7868810748746285,0.7886578044596912,0.7686993908589396,0.7814127567310866,0.009018922546657523,95,0.96186384569246,0.9641343787251465,0.9630744476985935,0.9630242240387333,0.0009276212859198869
7.892261664072673,0.07506485310764614,0.1510129769643148,0.018011210620457078,20,4,6,800,"{'max_depth': 20, 'min_samples_leaf': 4, 'min_samples_split': 6, 'n_estimators': 800}",0.7889950057779899,0.790820070110346,0.7580541693856367,0.7792897484246576,0.015034295855281122,71,0.952814096296588,0.9616140952514668,0.9556714942169412,0.9566998952549987,0.0036654423946526397,0.783289817232376,0.783289817232376,0.7516339869281046,0.7727378737976188,0.014922701514827295,76,0.9523187459177008,0.960809928151535,0.9543080939947781,0.9558122560213379,0.0036260098808151564,0.789153849105501,0.7954759862778731,0.7676608276225521,0.784096887668642,0.01190519234019563,79,0.9578852728316873,0.9652681655732192,0.9596194572212573,0.9609242985420545,0.0031521140485485607,0.7897961974489367,0.7884578505109736,0.7509870865849126,0.776413711514941,0.017987638989610668,71,0.9485795299512726,0.9585053230719581,0.9523431511041321,0.9531426680424543,0.004091435181747359,0.789153849105501,0.7954759862778731,0.7676608276225521,0.784096887668642,0.01190519234019563,79,0.9578852728316873,0.9652681655732192,0.9596194572212573,0.9609242985420545,0.0031521140485485607
1.8765803178151448,0.11720561097637673,0.04675539334615072,2.116814481583874e-05,20,4,10,200,"{'max_depth': 20, 'min_samples_leaf': 4, 'min_samples_split': 10, 'n_estimators': 200}",0.7766190439758851,0.7761747914105734,0.7620752365319522,0.7716230239728036,0.006753740881773403,108,0.9505021420624153,0.9487586898599694,0.9448236773194116,0.9480281697472654,0.0023750768669221,0.7715404699738904,0.7702349869451697,0.7542483660130719,0.7653412743107108,0.007861956175551415,108,0.9497060744611365,0.9470934030045721,0.9432114882506527,0.9466703219054539,0.0026682279667318573,0.7751616768941507,0.7816680960548885,0.7712040410569823,0.7760112713353404,0.00431396722176368,108,0.9549945931204192,0.9527294198325625,0.949353997681581,0.9523593368781876,0.00231758498887668,0.778609531148704,0.7726891849460171,0.755605549830926,0.7689680886418824,0.009752972449315275,108,0.9467780316759542,0.9453383982765201,0.9409975894207687,0.9443713397910809,0.0024569330138851666,0.7751616768941507,0.7816680960548885,0.7712040410569823,0.7760112713353404,0.00431396722176368,108,0.9549945931204192,0.9527294198325625,0.949353997681581,0.9523593368781876,0.00231758498887668
3.584270795186361,0.0423302430654547,0.0716395378112793,0.004136966031519496,20,4,10,400,"{'max_depth': 20, 'min_samples_leaf': 4, 'min_samples_split': 10, 'n_estimators': 400}",0.7772849446729975,0.7857467483578009,0.7630756200374718,0.7753691043560901,0.009354066777579452,97,0.9473380176979319,0.9495935260151793,0.9453810171977733,0.9474375203036282,0.001721188196292713,0.7728459530026109,0.7806788511749347,0.7555555555555555,0.7696934532443671,0.010495989289215042,97,0.9464402351404311,0.9483997387328543,0.9432114882506527,0.9460171540413126,0.0021391172601238633,0.7763032294055663,0.7919811320754717,0.7723352627764393,0.780206541419159,0.008482017395064292,97,0.9521485187135735,0.9532344585182159,0.9493514150236128,0.9515781307518006,0.001635749270812695,0.7786137466140517,0.783225854008836,0.7564720262275824,0.7727705422834901,0.01167758830334889,97,0.9434121911603124,0.9464976144482786,0.9419944184839044,0.9439680746974984,0.0018799731121437039,0.7763032294055663,0.7919811320754717,0.7723352627764393,0.780206541419159,0.008482017395064292,97,0.9521485187135735,0.9532344585182159,0.9493514150236128,0.9515781307518006,0.001635749270812695
7.565090974171956,0.10516671447147019,0.2126166820526123,0.060508746521803186,20,4,10,800,"{'max_depth': 20, 'min_samples_leaf': 4, 'min_samples_split': 10, 'n_estimators': 800}",0.7816617160590207,0.7852764126537014,0.7517906180925344,0.772909582268419,0.015006098621663029,104,0.9473827200521953,0.9513012866762868,0.9467964893398176,0.9484934986894332,0.0019997785954738462,0.7754569190600522,0.779373368146214,0.7450980392156863,0.7666427754739842,0.0153181023344024,104,0.9464402351404311,0.9503592423252776,0.9451697127937336,0.9473230634198141,0.0022086713227414153,0.7823148648289664,0.792066895368782,0.7632080785183122,0.7791966129053535,0.011986115545262565,104,0.9527690420707282,0.9549377390576884,0.9510495126377533,0.9529187645887234,0.0015908883885985413,0.7814553881087585,0.7818459600671768,0.7440136538315109,0.7691050006691488,0.017742977976440043,107,0.9429772052255339,0.9481853016378475,0.9432306657346304,0.9447977241993373,0.002397612873094913,0.7823148648289664,0.792066895368782,0.7632080785183122,0.7791966129053535,0.011986115545262565,104,0.9527690420707282,0.9549377390576884,0.9510495126377533,0.9529187645887234,0.0015908883885985413
2.3520685831705728,0.04095582012475378,0.046569108963012695,0.003131738791330257,30,1,2,200,"{'max_depth': 30, 'min_samples_leaf': 1, 'min_samples_split': 2, 'n_estimators': 200}",0.7940406253675688,0.7907337769488538,0.7794120793773412,0.788062160564588,0.0062637443554452886,35,1.0,1.0,1.0,1.0,0.0,0.7898172323759791,0.783289817232376,0.7751633986928105,0.7827568161003885,0.005994262704648887,34,1.0,1.0,1.0,1.0,0.0,0.7886439507309773,0.7881432246998286,0.7782160694529752,0.7850010816279269,0.004802081097486165,51,1.0,1.0,1.0,1.0,0.0,0.8027636380199044,0.7948053093114298,0.7825567793777733,0.7933752422363692,0.008311161287696022,20,1.0,1.0,1.0,1.0,0.0,0.7886439507309773,0.7881432246998286,0.7782160694529752,0.7850010816279269,0.004802081097486165,51,1.0,1.0,1.0,1.0,0.0
4.713654041290283,0.1145504528159105,0.07903520266215007,0.011147157075898079,30,1,2,400,"{'max_depth': 30, 'min_samples_leaf': 1, 'min_samples_split': 2, 'n_estimators': 400}",0.800250226803179,0.8107026362403827,0.7809986303194874,0.7973171644543496,0.012302686237667426,2,1.0,1.0,1.0,1.0,0.0,0.7963446475195822,0.8028720626631853,0.7751633986928105,0.7914600362918592,0.011827569062442905,2,1.0,1.0,1.0,1.0,0.0,0.7955601207817162,0.8088550600343053,0.7807051530258622,0.7950401112806279,0.011498032398542956,9,1.0,1.0,1.0,1.0,0.0,0.807578217312472,0.8151191124155226,0.7823867727525664,0.8016947008268538,0.013995554999836934,5,1.0,1.0,1.0,1.0,0.0,0.7955601207817162,0.8088550600343053,0.7807051530258622,0.7950401112806279,0.011498032398542956,9,1.0,1.0,1.0,1.0,0.0
9.687599738438925,0.18908962992615935,0.13220643997192383,0.009140145557144859,30,1,2,800,"{'max_depth': 30, 'min_samples_leaf': 1, 'min_samples_split': 2, 'n_estimators': 800}",0.808349428384944,0.8089865504992406,0.7736892538346842,0.7970084109062897,0.016491185444448466,5,1.0,1.0,1.0,1.0,0.0,0.804177545691906,0.8015665796344648,0.7686274509803922,0.7914571921022543,0.016178217777961197,5,1.0,1.0,1.0,1.0,0.0,0.8036178433438708,0.8064965694682675,0.7725134488128043,0.7942092872083141,0.015386223681979998,15,1.0,1.0,1.0,1.0,0.0,0.8155887638136854,0.8138694962279905,0.775968450216663,0.8018089034194462,0.018285435671625466,2,1.0,1.0,1.0,1.0,0.0,0.8036178433438708,0.8064965694682675,0.7725134488128043,0.7942092872083141,0.015386223681979998,15,1.0,1.0,1.0,1.0,0.0
2.286738872528076,0.19280709010131214,0.04054983456929525,0.0038336505638433623,30,1,6,200,"{'max_depth': 30, 'min_samples_leaf': 1, 'min_samples_split': 6, 'n_estimators': 200}",0.7972528825493901,0.8039071712987933,0.7802730215520913,0.7938110251334249,0.009950813883505848,16,0.9974187200679274,0.9954052907197615,0.9977298260364912,0.9968512789413934,0.001030326221395474,0.7924281984334204,0.7963446475195822,0.7738562091503268,0.7875430183677765,0.009809220263856283,13,0.9973873285434357,0.9954278249510125,0.9973890339425587,0.9967347291456689,0.0009241210806687723,0.7958743244399973,0.8056174957118354,0.784510963116926,0.7953342610895863,0.00862516399310126,6,0.9977259725937728,0.9960200623979835,0.9977272609879183,0.9971577653265582,0.000804477627721043,0.8001246290595446,0.8037942729603335,0.7774288130170484,0.7937825716789755,0.011660492796020426,17,0.9971149032190552,0.9948185333967005,0.9977375449803699,0.9965569938653752,0.0012552833124018525,0.7958743244399973,0.8056174957118354,0.784510963116926,0.7953342610895863,0.00862516399310126,6,0.9977259725937728,0.9960200623979835,0.9977272609879183,0.9971577653265582,0.000804477627721043
4.597590049107869,0.02656602582429254,0.07427263259887695,0.012711995318156769,30,1,6,400,"{'max_depth': 30, 'min_samples_leaf': 1, 'min_samples_split': 6, 'n_estimators': 400}",0.7986337830723722,0.8036033896256822,0.7805076185943423,0.7942482637641323,0.009925665203072618,12,0.9962823387572017,0.9962807074345701,0.9979862297346652,0.9968497586421456,0.0008036066921086861,0.7924281984334204,0.7950391644908616,0.7738562091503268,0.7871078573582029,0.0094307624685479,16,0.9960809928151535,0.9960809928151535,0.9980417754569191,0.9967345870290755,0.000924321801616876,0.7971240551014928,0.8044811320754717,0.7820528249617694,0.7945526707129112,0.00933510411482797,12,0.9965896030877319,0.996585673257712,0.9982915717539863,0.9971556160331434,0.0008032435955457071,0.8017295067983322,0.8043075609208878,0.7802516153076735,0.7954295610089646,0.01078391139763955,14,0.9959810986409734,0.995994754968131,0.9976920865454235,0.9965559800515092,0.0008033679513786213,0.7971240551014928,0.8044811320754717,0.7820528249617694,0.7945526707129112,0.00933510411482797,12,0.9965896030877319,0.996585673257712,0.9982915717539863,0.9971556160331434,0.0008032435955457071
9.41914733250936,0.18327438477214913,0.16424798965454102,0.04068317806711344,30,1,6,800,"{'max_depth': 30, 'min_samples_leaf': 1, 'min_samples_split': 6, 'n_estimators': 800}",0.8015412871877063,0.8030587231129231,0.7811329508828007,0.7952443203944767,0.009997456845554274,9,0.9962836448257093,0.9962767647085384,0.9979862297346652,0.9968488797563043,0.0008042327871792799,0.7963446475195822,0.7950391644908616,0.7751633986928105,0.7888490702344181,0.009691896121438993,10,0.9960809928151535,0.9960809928151535,0.9980417754569191,0.9967345870290755,0.000924321801616876,0.8005280510518222,0.8032590051457976,0.7831788108480292,0.7956552890152163,0.008892371568112878,2,0.9965921857457003,0.9965805078617327,0.9982915717539863,0.997154755120473,0.0008038648878668266,0.8039123524978898,0.8040460280851247,0.7799609249113761,0.7959731018314636,0.011322450399708561,11,0.9959836698000832,0.9959973085160305,0.9976920865454235,0.996557688287179,0.0008021600255452615,0.8005280510518222,0.8032590051457976,0.7831788108480292,0.7956552890152163,0.008892371568112878,2,0.9965921857457003,0.9965805078617327,0.9982915717539863,0.997154755120473,0.0008038648878668266
2.130531072616577,0.07954931944712093,0.046856959660847984,0.0007301399257097183,30,1,10,200,"{'max_depth': 30, 'min_samples_leaf': 1, 'min_samples_split': 10, 'n_estimators': 200}",0.7917843211730531,0.788158283069138,0.7642791429545762,0.7814072490655891,0.012201531387366888,54,0.9874466876555363,0.9834010491612327,0.9859781091511883,0.9856086153226524,0.0016721626662583552,0.7872062663185379,0.7819843342036553,0.7594771241830065,0.7762225749017332,0.012031202034241061,51,0.9862834748530372,0.9823644676681907,0.9856396866840731,0.9847625430684337,0.0017159428934869095,0.7888499762391785,0.7931174957118354,0.7707455249558393,0.7842376656356178,0.009698155347094842,64,0.9880655580724731,0.9846446130261026,0.9875025180915191,0.9867375630633649,0.0014976834108928437,0.7968903800424841,0.7854425526789797,0.7598819414544679,0.7807382913919771,0.015470481297685076,51,0.9868414546089578,0.9822622831786934,0.9845479123636527,0.9845505500504346,0.0018694398385579144,0.7888499762391785,0.7931174957118354,0.7707455249558393,0.7842376656356178,0.009698155347094842,64,0.9880655580724731,0.9846446130261026,0.9875025180915191,0.9867375630633649,0.0014976834108928437
4.579767068227132,0.11335894509131801,0.07191673914591472,0.011363870484375073,30,1,10,400,"{'max_depth': 30, 'min_samples_leaf': 1, 'min_samples_split': 10, 'n_estimators': 400}",0.7854484585226531,0.7895770037308076,0.7655689603139122,0.780198140855791,0.010480805117900296,67,0.9865683687119962,0.9856823964707211,0.9837168290784477,0.9853225314203883,0.0011916226223830718,0.7806788511749347,0.783289817232376,0.7594771241830065,0.7744819308634391,0.010663409510287762,57,0.9856303069888962,0.984977139124755,0.9830287206266318,0.9845453889134276,0.0011051000207570672,0.7844332675114303,0.7942538593481989,0.7720055864092931,0.7835642377563073,0.00910358250827586,83,0.9874947935963231,0.9869225526529544,0.9852297790794374,0.9865490417762383,0.0009616671190159293,0.7884218253934221,0.7873497345125635,0.7610587755145042,0.7789434451401632,0.012653942743362229,58,0.9856724277511473,0.9845108768226936,0.9823604313521983,0.9841812453086797,0.0013720599447390603,0.7844332675114303,0.7942538593481989,0.7720055864092931,0.7835642377563073,0.00910358250827586,83,0.9874947935963231,0.9869225526529544,0.9852297790794374,0.9865490417762383,0.0009616671190159293
8.84201423327128,0.1783687548834703,0.1850717862447103,0.047696167525038684,30,1,10,800,"{'max_depth': 30, 'min_samples_leaf': 1, 'min_samples_split': 10, 'n_estimators': 800}",0.7911963355036823,0.7860484976788851,0.7678369935759985,0.7816939422528554,0.01002118850377821,51,0.9871378136557596,0.9873885101879963,0.984584753359037,0.9863703590675975,0.0012667551717287346,0.7859007832898173,0.779373368146214,0.7620915032679738,0.7757885515680017,0.010045185786043914,54,0.9862834748530372,0.9869366427171783,0.9836814621409922,0.9856338599037359,0.001406070134016957,0.7914472849202906,0.790844768439108,0.7742783606401656,0.785523471333188,0.007955297706613284,47,0.9880629754145048,0.9886232329250633,0.985799255161442,0.9874951545003366,0.0012207997502407908,0.7924549804098855,0.7836771917775207,0.7634148175784801,0.7798489965886288,0.012160703738458201,54,0.9862444384799284,0.9862590312356667,0.983480432110165,0.9853279672752534,0.0013064182272683762,0.7914472849202906,0.790844768439108,0.7742783606401656,0.785523471333188,0.007955297706613284,47,0.9880629754145048,0.9886232329250633,0.985799255161442,0.9874951545003366,0.0012207997502407908
1.955087661743164,0.10010804976003593,0.04576341311136881,0.0014782442876052283,30,2,2,200,"{'max_depth': 30, 'min_samples_leaf': 2, 'min_samples_split': 2, 'n_estimators': 200}",0.7986968395375968,0.7954639574753057,0.7770748809102113,0.7904118926410378,0.009522597441116137,23,0.9939677654545755,0.9948351837622004,0.9945371587704603,0.9944467026624121,0.00035985215548713534,0.793733681462141,0.7885117493472585,0.7712418300653595,0.7844957536249196,0.00961134784322185,21,0.9941214892227302,0.9947746570868713,0.9947780678851175,0.9945580713982397,0.0003087133571946354,0.7957558154979589,0.7987993138936536,0.7785458397364119,0.7910336563760082,0.008917207856696,25,0.9948889228156231,0.995454451538255,0.9954519393178685,0.9952651045572489,0.00026600263765889774,0.8033004857307358,0.7937304754327633,0.7774545392793835,0.7914951668142942,0.010669292086994164,25,0.99308485963234,0.9942412439647312,0.9936659786591374,0.9936640274187362,0.00047209394302005943,0.7957558154979589,0.7987993138936536,0.7785458397364119,0.7910336563760082,0.008917207856696,25,0.9948889228156231,0.995454451538255,0.9954519393178685,0.9952651045572489,0.00026600263765889774
4.318679968516032,0.1513860732985841,0.07971326510111491,0.0103086756265493,30,2,2,400,"{'max_depth': 30, 'min_samples_leaf': 2, 'min_samples_split': 2, 'n_estimators': 400}",0.7973410397324696,0.8039775512046639,0.7693485737243264,0.7902223882204865,0.015006618980641456,26,0.9928287799968474,0.993958628969144,0.9945371587704603,0.9937748559121505,0.0007094452813714688,0.7911227154046997,0.7963446475195822,0.7633986928104575,0.7836220185782464,0.01445808476448844,30,0.992815153494448,0.9941214892227302,0.9947780678851175,0.9939049035340984,0.0008158595658013361,0.7947431027205403,0.8056174957118354,0.7716758161258565,0.7906788048527441,0.014151520322282092,28,0.993749970651614,0.9948836752825472,0.9954519393178685,0.9946951950840098,0.000707492249266625,0.8014408263305323,0.8041054828646198,0.7679902844402096,0.7911788645451207,0.016432848892235515,28,0.9919432772867789,0.9930772835475243,0.9936659786591374,0.9928955131644802,0.0007149383930080933,0.7947431027205403,0.8056174957118354,0.7716758161258565,0.7906788048527441,0.014151520322282092,28,0.993749970651614,0.9948836752825472,0.9954519393178685,0.9946951950840098,0.000707492249266625
8.951700925827026,0.1277520575215263,0.14634410540262857,0.002314157143514105,30,2,2,800,"{'max_depth': 30, 'min_samples_leaf': 2, 'min_samples_split': 2, 'n_estimators': 800}",0.7972009628261258,0.8005353580911858,0.7716375153408352,0.7897912787527156,0.012908624828819139,30,0.9939677654545755,0.9936987405228359,0.9951066762734486,0.9942577274169534,0.0006102618149520404,0.7924281984334204,0.793733681462141,0.7647058823529411,0.7836225874161675,0.013386743923782458,27,0.9941214892227302,0.9934683213585892,0.9954308093994778,0.9943402066602657,0.0008159729635101387,0.7958846552319558,0.802122641509434,0.7753013572513976,0.7911028846642626,0.011459910402038984,21,0.9948889228156231,0.9943180644228187,0.996021415399873,0.9950761342127716,0.0007078781524973939,0.799971694488883,0.8007625741774522,0.7691679317833249,0.7899674001498868,0.014710988770737602,33,0.99308485963234,0.9931137361018213,0.9942302952948826,0.9934762970096812,0.0005332876166993614,0.7958846552319558,0.802122641509434,0.7753013572513976,0.7911028846642626,0.011459910402038984,21,0.9948889228156231,0.9943180644228187,0.996021415399873,0.9950761342127716,0.0007078781524973939
2.1446406046549478,0.08065901831963261,0.04634865125020345,0.0008728764853494941,30,2,6,200,"{'max_depth': 30, 'min_samples_leaf': 2, 'min_samples_split': 6, 'n_estimators': 200}",0.7886814979912282,0.7943916413425138,0.7777246690213274,0.7869326027850231,0.006915729290080393,38,0.9891097039907968,0.9859177993003159,0.9893988119045332,0.9881421050652154,0.0015772439989360746,0.783289817232376,0.7872062663185379,0.7686274509803922,0.7797078448437688,0.007996498795797568,38,0.9888961463096015,0.9862834748530372,0.9895561357702349,0.988245252310958,0.0014131111345399155,0.7866543877825103,0.7964408233276158,0.7837198894310095,0.7889383668470451,0.0054386248308362075,34,0.990339573739346,0.988056339501027,0.9909090439516732,0.9897683190640154,0.0012326744903527155,0.7913822409026616,0.7938288917544237,0.7741449765654826,0.7864520364075226,0.008759540192052422,38,0.9879478835104065,0.9839537938783338,0.9880009250727784,0.9866342008205061,0.0018954576199551895,0.7866543877825103,0.7964408233276158,0.7837198894310095,0.7889383668470451,0.0054386248308362075,34,0.990339573739346,0.988056339501027,0.9909090439516732,0.9897683190640154,0.0012326744903527155
4.428323984146118,0.09995781044138406,0.06919749577840169,0.007185511444494844,30,2,6,400,"{'max_depth': 30, 'min_samples_leaf': 2, 'min_samples_split': 6, 'n_estimators': 400}",0.7932543060850393,0.7962797224183504,0.7665308923331381,0.785354973612176,0.013367817398447016,42,0.9896751799722888,0.9867844647604994,0.9885312139151948,0.9883302862159944,0.0011886512143734363,0.7872062663185379,0.7885117493472585,0.7594771241830065,0.7783983799496009,0.013389959206391248,42,0.9895493141737427,0.9869366427171783,0.9889033942558747,0.9884631170489319,0.0011111243702369277,0.792568175847789,0.7987993138936536,0.7720004444923865,0.7877893114112764,0.011450560663812245,41,0.990903884505414,0.9886232329250633,0.9903395678696687,0.9899555617667154,0.0009698585543154068,0.7948048001181673,0.7951118527014902,0.7628663151269535,0.7842609893155371,0.015128838533277286,41,0.988514591068957,0.9850996288637373,0.9868741770134933,0.9868294656487292,0.001394510916743248,0.792568175847789,0.7987993138936536,0.7720004444923865,0.7877893114112764,0.011450560663812245,41,0.990903884505414,0.9886232329250633,0.9903395678696687,0.9899555617667154,0.0009698585543154068
9.03399165471395,0.18106018581058778,0.14022334416707358,0.009585890591634269,30,2,6,800,"{'max_depth': 30, 'min_samples_leaf': 2, 'min_samples_split': 6, 'n_estimators': 800}",0.7942438880775403,0.7956852263599308,0.7651714151241769,0.7850335098538826,0.01405694298914066,45,0.9879353237789358,0.987356117437364,0.9882565772734926,0.9878493394965974,0.00037260519921862757,0.7885117493472585,0.7885117493472585,0.7581699346405228,0.77839781111168,0.014303268621759015,45,0.9882429784454605,0.9875898105813194,0.9882506527415144,0.9880278139227648,0.00030973097901558434,0.7936993975672461,0.7987993138936536,0.772113764559373,0.7882041586734241,0.011566557358557761,38,0.9897649323414048,0.989194009180771,0.9897726744456324,0.9895772053226027,0.00027097902425649993,0.7956624239998027,0.7941048534798535,0.7600543495447407,0.7832738756747991,0.016430993107731846,46,0.9862426441139642,0.9856603680075577,0.9868527452870699,0.9862519191361973,0.0004868301645695834,0.7936993975672461,0.7987993138936536,0.772113764559373,0.7882041586734241,0.011566557358557761,38,0.9897649323414048,0.989194009180771,0.9897726744456324,0.9895772053226027,0.00027097902425649993
2.2835962772369385,0.0695375075557668,0.04244240125020345,0.005105223437704428,30,2,10,200,"{'max_depth': 30, 'min_samples_leaf': 2, 'min_samples_split': 10, 'n_estimators': 200}",0.7851395759045596,0.7898185481061042,0.7658539669355366,0.7802706969820669,0.010371588568186365,64,0.9645346072891172,0.9736274309157107,0.9693986914894894,0.9691869098981059,0.00371514907353849,0.7806788511749347,0.7819843342036553,0.7581699346405228,0.7736110400063709,0.010931510193746854,61,0.9640757674722403,0.9725669497060745,0.9686684073107049,0.9684370414963399,0.003470369004115442,0.7843816135516377,0.7955617495711835,0.7746080370073117,0.7848504667100443,0.008560739259956878,54,0.9687369751862919,0.9754878488100545,0.9727322971709564,0.972319040389101,0.0027714808973802597,0.7864233456290673,0.7860681684836507,0.7594739405730317,0.7773218182285833,0.01262118827757006,68,0.9609432386518676,0.9720132699544464,0.9664911779960992,0.9664825622008043,0.004519325461022173,0.7843816135516377,0.7955617495711835,0.7746080370073117,0.7848504667100443,0.008560739259956878,54,0.9687369751862919,0.9754878488100545,0.9727322971709564,0.972319040389101,0.0027714808973802597
4.3327750364939375,0.05379036861623717,0.07591660817464192,0.008601929343496156,30,2,10,400,"{'max_depth': 30, 'min_samples_leaf': 2, 'min_samples_split': 10, 'n_estimators': 400}",0.7793679898965619,0.794420152465738,0.7640038314176245,0.7792639912599748,0.012417628821230663,73,0.9679386622444984,0.9736024589830594,0.972536450477627,0.9713591905683949,0.0024575196227561605,0.7741514360313316,0.7872062663185379,0.7568627450980392,0.7727401491493029,0.012427821423785504,71,0.9673416067929458,0.9732201175702155,0.9719321148825065,0.9708312797485559,0.0025229745320057093,0.7799442432399726,0.798885077186964,0.7734871460798133,0.7841054888355833,0.01077808578586308,76,0.9715740249644416,0.9760573073627062,0.9755693469491062,0.9744002264254181,0.002008330544644688,0.7792656847883797,0.7921113927435837,0.7573115801390911,0.7762295525570181,0.014368259312843825,81,0.9647875071916558,0.9714824981778865,0.969897449516358,0.9687224849619668,0.0028567035028139406,0.7799442432399726,0.798885077186964,0.7734871460798133,0.7841054888355833,0.01077808578586308,76,0.9715740249644416,0.9760573073627062,0.9755693469491062,0.9744002264254181,0.002008330544644688
9.336836020151773,0.22152285226252644,0.1309206485748291,0.0009934386948786565,30,2,10,800,"{'max_depth': 30, 'min_samples_leaf': 2, 'min_samples_split': 10, 'n_estimators': 800}",0.7800233497699214,0.7950142286354318,0.7625606901444072,0.7791994228499202,0.013261904886408818,76,0.9670841631029983,0.9733011649354836,0.9730935952922022,0.971159641110228,0.002883043765393668,0.7741514360313316,0.7872062663185379,0.7555555555555555,0.7723044193018084,0.012987185377641694,79,0.9666884389288047,0.9732201175702155,0.9725848563968669,0.9708311376319623,0.0029407882841679367,0.7812043046934264,0.8001072041166382,0.7710855321149439,0.7841323469750029,0.012027591478083646,67,0.9710058372765825,0.976052141966727,0.9761310750572059,0.9743963514335051,0.0023976721063582417,0.7795842123602763,0.7922050562868794,0.7563929758677346,0.7760607481716301,0.014830989535503663,85,0.9637157185464406,0.9709781628033505,0.9705607956342596,0.9684182256613503,0.0033295373765525435,0.7812043046934264,0.8001072041166382,0.7710855321149439,0.7841323469750029,0.012027591478083646,67,0.9710058372765825,0.976052141966727,0.9761310750572059,0.9743963514335051,0.0023976721063582417
1.7191886901855469,0.1671227734605119,0.04597989718119303,0.001353274108751392,30,4,2,200,"{'max_depth': 30, 'min_samples_leaf': 4, 'min_samples_split': 2, 'n_estimators': 200}",0.7913420690457081,0.7876903134539828,0.7619522882473753,0.7803282235823553,0.013078992807856748,58,0.955395598332654,0.9584462592536064,0.9574029591033784,0.9570816055632129,0.001265986858012147,0.7859007832898173,0.7806788511749347,0.7542483660130719,0.7736093334926079,0.013855262298993134,64,0.9549314173742652,0.9575440888308295,0.956266318537859,0.9562472749143179,0.0010667036544684855,0.791395630960498,0.7932032590051458,0.7687045797339915,0.7844344898998784,0.011147180066638783,58,0.9601631712900283,0.9618010674589471,0.961940660850521,0.9613016331998322,0.000807028797007254,0.7916877395281928,0.7850091927765306,0.7567372359571848,0.777811389420636,0.015149052881931952,62,0.9513373698903064,0.9556328183939158,0.9536223712815726,0.9535308531885983,0.0017548031480855292,0.791395630960498,0.7932032590051458,0.7687045797339915,0.7844344898998784,0.011147180066638783,58,0.9601631712900283,0.9618010674589471,0.961940660850521,0.9613016331998322,0.000807028797007254
3.9200878143310547,0.15583318883089398,0.07165137926737468,0.0001819942715851579,30,4,2,400,"{'max_depth': 30, 'min_samples_leaf': 4, 'min_samples_split': 2, 'n_estimators': 400}",0.7884678359446399,0.7833785305347387,0.7614054474787872,0.7777506046527219,0.01174303707647739,89,0.9570913428233764,0.9616193700000121,0.9587973308300218,0.9591693478844702,0.001867182377217632,0.783289817232376,0.7754569190600522,0.7542483660130719,0.7709983674351667,0.012268129011783126,89,0.9568909209666885,0.960809928151535,0.9569190600522193,0.9582066363901477,0.001840841102723477,0.789153849105501,0.7886578044596912,0.7686993908589396,0.7821703481413773,0.009527557667160572,89,0.96186384569246,0.9652720484048906,0.9625075542745571,0.963214482790636,0.0014784614474488398,0.7886228685817643,0.7809900086274832,0.7557836265933593,0.7751321679342024,0.014031860812312098,89,0.9530769215357897,0.9584733618000897,0.9557017217315926,0.955750668355824,0.002203359360999657,0.789153849105501,0.7886578044596912,0.7686993908589396,0.7821703481413773,0.009527557667160572,89,0.96186384569246,0.9652720484048906,0.9625075542745571,0.963214482790636,0.0014784614474488398
8.38791267077128,0.2020390921107688,0.16341535250345865,0.015254983373166036,30,4,2,800,"{'max_depth': 30, 'min_samples_leaf': 4, 'min_samples_split': 2, 'n_estimators': 800}",0.7889950057779899,0.7902581878801656,0.7580541693856367,0.7791024543479307,0.014892316411408542,81,0.952814096296588,0.9616140952514668,0.9556714942169412,0.9566998952549987,0.0036654423946526397,0.783289817232376,0.7819843342036553,0.7516339869281046,0.7723027127880453,0.014624710663567705,82,0.9523187459177008,0.960809928151535,0.9543080939947781,0.9558122560213379,0.0036260098808151564,0.789153849105501,0.7955617495711835,0.7676608276225521,0.7841254754330788,0.011932554008203429,70,0.9578852728316873,0.9652681655732192,0.9596194572212573,0.9609242985420545,0.0031521140485485607,0.7897961974489367,0.7879058765254278,0.7509870865849126,0.7762297201864256,0.017865912452743462,75,0.9485795299512726,0.9585053230719581,0.9523431511041321,0.9531426680424543,0.004091435181747359,0.789153849105501,0.7955617495711835,0.7676608276225521,0.7841254754330788,0.011932554008203429,70,0.9578852728316873,0.9652681655732192,0.9596194572212573,0.9609242985420545,0.0031521140485485607
2.01537823677063,0.22563890228869282,0.044660727183024086,0.002177945262400916,30,4,6,200,"{'max_depth': 30, 'min_samples_leaf': 4, 'min_samples_split': 6, 'n_estimators': 200}",0.7913420690457081,0.7876903134539828,0.7619522882473753,0.7803282235823553,0.013078992807856748,58,0.955395598332654,0.9584462592536064,0.9574029591033784,0.9570816055632129,0.001265986858012147,0.7859007832898173,0.7806788511749347,0.7542483660130719,0.7736093334926079,0.013855262298993134,64,0.9549314173742652,0.9575440888308295,0.956266318537859,0.9562472749143179,0.0010667036544684855,0.791395630960498,0.7932032590051458,0.7687045797339915,0.7844344898998784,0.011147180066638783,58,0.9601631712900283,0.9618010674589471,0.961940660850521,0.9613016331998322,0.000807028797007254,0.7916877395281928,0.7850091927765306,0.7567372359571848,0.777811389420636,0.015149052881931952,62,0.9513373698903064,0.9556328183939158,0.9536223712815726,0.9535308531885983,0.0017548031480855292,0.791395630960498,0.7932032590051458,0.7687045797339915,0.7844344898998784,0.011147180066638783,58,0.9601631712900283,0.9618010674589471,0.961940660850521,0.9613016331998322,0.000807028797007254
4.299094994862874,0.1142193972222425,0.08315666516621907,0.014598704611435028,30,4,6,400,"{'max_depth': 30, 'min_samples_leaf': 4, 'min_samples_split': 6, 'n_estimators': 400}",0.7884678359446399,0.7833785305347387,0.7614054474787872,0.7777506046527219,0.01174303707647739,89,0.9570913428233764,0.9616193700000121,0.9587973308300218,0.9591693478844702,0.001867182377217632,0.783289817232376,0.7754569190600522,0.7542483660130719,0.7709983674351667,0.012268129011783126,89,0.9568909209666885,0.960809928151535,0.9569190600522193,0.9582066363901477,0.001840841102723477,0.789153849105501,0.7886578044596912,0.7686993908589396,0.7821703481413773,0.009527557667160572,89,0.96186384569246,0.9652720484048906,0.9625075542745571,0.963214482790636,0.0014784614474488398,0.7886228685817643,0.7809900086274832,0.7557836265933593,0.7751321679342024,0.014031860812312098,89,0.9530769215357897,0.9584733618000897,0.9557017217315926,0.955750668355824,0.002203359360999657,0.789153849105501,0.7886578044596912,0.7686993908589396,0.7821703481413773,0.009527557667160572,89,0.96186384569246,0.9652720484048906,0.9625075542745571,0.963214482790636,0.0014784614474488398
8.67420768737793,0.16674691372054187,0.12926324208577475,0.00987954503929486,30,4,6,800,"{'max_depth': 30, 'min_samples_leaf': 4, 'min_samples_split': 6, 'n_estimators': 800}",0.7889950057779899,0.7902581878801656,0.7580541693856367,0.7791024543479307,0.014892316411408542,81,0.952814096296588,0.9616140952514668,0.9556714942169412,0.9566998952549987,0.0036654423946526397,0.783289817232376,0.7819843342036553,0.7516339869281046,0.7723027127880453,0.014624710663567705,82,0.9523187459177008,0.960809928151535,0.9543080939947781,0.9558122560213379,0.0036260098808151564,0.789153849105501,0.7955617495711835,0.7676608276225521,0.7841254754330788,0.011932554008203429,70,0.9578852728316873,0.9652681655732192,0.9596194572212573,0.9609242985420545,0.0031521140485485607,0.7897961974489367,0.7879058765254278,0.7509870865849126,0.7762297201864256,0.017865912452743462,75,0.9485795299512726,0.9585053230719581,0.9523431511041321,0.9531426680424543,0.004091435181747359,0.789153849105501,0.7955617495711835,0.7676608276225521,0.7841254754330788,0.011932554008203429,70,0.9578852728316873,0.9652681655732192,0.9596194572212573,0.9609242985420545,0.0031521140485485607
2.1063623428344727,0.12090612821080907,0.04653644561767578,0.001198159105622315,30,4,10,200,"{'max_depth': 30, 'min_samples_leaf': 4, 'min_samples_split': 10, 'n_estimators': 200}",0.7766190439758851,0.7783978746144543,0.7620752365319522,0.7723640517074305,0.007311445269645995,105,0.9505021420624153,0.948202286951723,0.9448236773194116,0.9478427021111834,0.0023321258403072955,0.7715404699738904,0.7728459530026109,0.7542483660130719,0.7662115963298577,0.008476053767090649,105,0.9497060744611365,0.9470934030045721,0.9432114882506527,0.9466703219054539,0.0026682279667318573,0.7751616768941507,0.7839408233276158,0.7712040410569823,0.7767688470929163,0.005322508975300496,105,0.9549945931204192,0.9527307023968703,0.949353997681581,0.9523597643996234,0.002317653335382107,0.778609531148704,0.7750027183725128,0.755605549830926,0.7697392664507143,0.01010193822052592,101,0.9467780316759542,0.944368195463295,0.9409975894207687,0.9440479388533394,0.0023706962955425395,0.7751616768941507,0.7839408233276158,0.7712040410569823,0.7767688470929163,0.005322508975300496,105,0.9549945931204192,0.9527307023968703,0.949353997681581,0.9523597643996234,0.002317653335382107
4.0960315863291425,0.09002172735185807,0.06905635197957356,0.001212074806008371,30,4,10,400,"{'max_depth': 30, 'min_samples_leaf': 4, 'min_samples_split': 10, 'n_estimators': 400}",0.7784180639851115,0.7844846490767433,0.7630756200374718,0.7753261110331088,0.009009504643953944,98,0.9456512149705021,0.9493215559999852,0.9453810171977733,0.9467845960560869,0.0017972898165117845,0.7741514360313316,0.779373368146214,0.7555555555555555,0.7696934532443671,0.01022178252711946,97,0.9451338994121489,0.9483997387328543,0.9432114882506527,0.945581708798552,0.0021416326640251774,0.7774344511250233,0.790844768439108,0.7723352627764393,0.7802048274468568,0.0078062662305152224,98,0.9510121492075327,0.9532396239141951,0.9493514150236128,0.9512010627151136,0.001592965437836165,0.7796862734651931,0.7817796112543791,0.7564720262275824,0.7726459703157182,0.011468590913142349,98,0.9413417013086813,0.9459773158697593,0.9419944184839044,0.943104478554115,0.0020488054420932707,0.7774344511250233,0.790844768439108,0.7723352627764393,0.7802048274468568,0.0078062662305152224,98,0.9510121492075327,0.9532396239141951,0.9493514150236128,0.9512010627151136,0.001592965437836165
8.09228809674581,0.14711163146655784,0.1567989985148112,0.03580064254048312,30,4,10,800,"{'max_depth': 30, 'min_samples_leaf': 4, 'min_samples_split': 10, 'n_estimators': 800}",0.784049726369175,0.7835246866372694,0.7517906180925344,0.773121677032993,0.015084859370043988,101,0.9465332657727004,0.9513012866762868,0.9467964893398176,0.9482103472629348,0.002188264381396116,0.7780678851174935,0.7780678851174935,0.7450980392156863,0.7670779364835578,0.015542134407895574,101,0.94578706727629,0.9503592423252776,0.9451697127937336,0.9471053407984337,0.0023146184709480137,0.784608300643756,0.7909305317324185,0.7632080785183122,0.7795823036314955,0.011862520460889018,101,0.9521995659887237,0.9549377390576884,0.9510495126377533,0.9527289392280552,0.0016309001999020056,0.7842555893090127,0.7797688569075265,0.7440136538315109,0.76934603334935,0.018006106018746623,104,0.9419476022098954,0.9481853016378475,0.9432306657346304,0.9444545231941244,0.002689559300856806,0.784608300643756,0.7909305317324185,0.7632080785183122,0.7795823036314955,0.011862520460889018,101,0.9521995659887237,0.9549377390576884,0.9510495126377533,0.9527289392280552,0.0016309001999020056
2.714622418085734,0.17663383794602683,0.042564948399861656,0.005240882622360762,40,1,2,200,"{'max_depth': 40, 'min_samples_leaf': 1, 'min_samples_split': 2, 'n_estimators': 200}",0.7940406253675688,0.7907337769488538,0.7794120793773412,0.788062160564588,0.0062637443554452886,35,1.0,1.0,1.0,1.0,0.0,0.7898172323759791,0.783289817232376,0.7751633986928105,0.7827568161003885,0.005994262704648887,34,1.0,1.0,1.0,1.0,0.0,0.7886439507309773,0.7881432246998286,0.7782160694529752,0.7850010816279269,0.004802081097486165,51,1.0,1.0,1.0,1.0,0.0,0.8027636380199044,0.7948053093114298,0.7825567793777733,0.7933752422363692,0.008311161287696022,20,1.0,1.0,1.0,1.0,0.0,0.7886439507309773,0.7881432246998286,0.7782160694529752,0.7850010816279269,0.004802081097486165,51,1.0,1.0,1.0,1.0,0.0
5.02869709332784,0.1413438390381565,0.07694808642069499,0.006086924711669868,40,1,2,400,"{'max_depth': 40, 'min_samples_leaf': 1, 'min_samples_split': 2, 'n_estimators': 400}",0.800250226803179,0.8107026362403827,0.7809986303194874,0.7973171644543496,0.012302686237667426,2,1.0,1.0,1.0,1.0,0.0,0.7963446475195822,0.8028720626631853,0.7751633986928105,0.7914600362918592,0.011827569062442905,2,1.0,1.0,1.0,1.0,0.0,0.7955601207817162,0.8088550600343053,0.7807051530258622,0.7950401112806279,0.011498032398542956,9,1.0,1.0,1.0,1.0,0.0,0.807578217312472,0.8151191124155226,0.7823867727525664,0.8016947008268538,0.013995554999836934,5,1.0,1.0,1.0,1.0,0.0,0.7955601207817162,0.8088550600343053,0.7807051530258622,0.7950401112806279,0.011498032398542956,9,1.0,1.0,1.0,1.0,0.0
10.245022058486938,0.04801489527977414,0.1744673252105713,0.030913443906393254,40,1,2,800,"{'max_depth': 40, 'min_samples_leaf': 1, 'min_samples_split': 2, 'n_estimators': 800}",0.808349428384944,0.8089865504992406,0.7736892538346842,0.7970084109062897,0.016491185444448466,5,1.0,1.0,1.0,1.0,0.0,0.804177545691906,0.8015665796344648,0.7686274509803922,0.7914571921022543,0.016178217777961197,5,1.0,1.0,1.0,1.0,0.0,0.8036178433438708,0.8064965694682675,0.7725134488128043,0.7942092872083141,0.015386223681979998,15,1.0,1.0,1.0,1.0,0.0,0.8155887638136854,0.8138694962279905,0.775968450216663,0.8018089034194462,0.018285435671625466,2,1.0,1.0,1.0,1.0,0.0,0.8036178433438708,0.8064965694682675,0.7725134488128043,0.7942092872083141,0.015386223681979998,15,1.0,1.0,1.0,1.0,0.0
2.3779137134552,0.04790381819500927,0.04665788014729818,0.0006844111225794661,40,1,6,200,"{'max_depth': 40, 'min_samples_leaf': 1, 'min_samples_split': 6, 'n_estimators': 200}",0.7972528825493901,0.8039071712987933,0.7802730215520913,0.7938110251334249,0.009950813883505848,16,0.9974187200679274,0.9954052907197615,0.9977298260364912,0.9968512789413934,0.001030326221395474,0.7924281984334204,0.7963446475195822,0.7738562091503268,0.7875430183677765,0.009809220263856283,13,0.9973873285434357,0.9954278249510125,0.9973890339425587,0.9967347291456689,0.0009241210806687723,0.7958743244399973,0.8056174957118354,0.784510963116926,0.7953342610895863,0.00862516399310126,6,0.9977259725937728,0.9960200623979835,0.9977272609879183,0.9971577653265582,0.000804477627721043,0.8001246290595446,0.8037942729603335,0.7774288130170484,0.7937825716789755,0.011660492796020426,17,0.9971149032190552,0.9948185333967005,0.9977375449803699,0.9965569938653752,0.0012552833124018525,0.7958743244399973,0.8056174957118354,0.784510963116926,0.7953342610895863,0.00862516399310126,6,0.9977259725937728,0.9960200623979835,0.9977272609879183,0.9971577653265582,0.000804477627721043
4.875366290410359,0.15252938219048112,0.07482743263244629,0.004566163525817938,40,1,6,400,"{'max_depth': 40, 'min_samples_leaf': 1, 'min_samples_split': 6, 'n_estimators': 400}",0.7986337830723722,0.8036033896256822,0.7805076185943423,0.7942482637641323,0.009925665203072618,12,0.9962823387572017,0.9962807074345701,0.9979862297346652,0.9968497586421456,0.0008036066921086861,0.7924281984334204,0.7950391644908616,0.7738562091503268,0.7871078573582029,0.0094307624685479,16,0.9960809928151535,0.9960809928151535,0.9980417754569191,0.9967345870290755,0.000924321801616876,0.7971240551014928,0.8044811320754717,0.7820528249617694,0.7945526707129112,0.00933510411482797,12,0.9965896030877319,0.996585673257712,0.9982915717539863,0.9971556160331434,0.0008032435955457071,0.8017295067983322,0.8043075609208878,0.7802516153076735,0.7954295610089646,0.01078391139763955,14,0.9959810986409734,0.995994754968131,0.9976920865454235,0.9965559800515092,0.0008033679513786213,0.7971240551014928,0.8044811320754717,0.7820528249617694,0.7945526707129112,0.00933510411482797,12,0.9965896030877319,0.996585673257712,0.9982915717539863,0.9971556160331434,0.0008032435955457071
10.110318740208944,0.10431848864672187,0.14461263020833334,0.009486891023785105,40,1,6,800,"{'max_depth': 40, 'min_samples_leaf': 1, 'min_samples_split': 6, 'n_estimators': 800}",0.8015412871877063,0.8030587231129231,0.7811329508828007,0.7952443203944767,0.009997456845554274,9,0.9962836448257093,0.9962767647085384,0.9979862297346652,0.9968488797563043,0.0008042327871792799,0.7963446475195822,0.7950391644908616,0.7751633986928105,0.7888490702344181,0.009691896121438993,10,0.9960809928151535,0.9960809928151535,0.9980417754569191,0.9967345870290755,0.000924321801616876,0.8005280510518222,0.8032590051457976,0.7831788108480292,0.7956552890152163,0.008892371568112878,2,0.9965921857457003,0.9965805078617327,0.9982915717539863,0.997154755120473,0.0008038648878668266,0.8039123524978898,0.8040460280851247,0.7799609249113761,0.7959731018314636,0.011322450399708561,11,0.9959836698000832,0.9959973085160305,0.9976920865454235,0.996557688287179,0.0008021600255452615,0.8005280510518222,0.8032590051457976,0.7831788108480292,0.7956552890152163,0.008892371568112878,2,0.9965921857457003,0.9965805078617327,0.9982915717539863,0.997154755120473,0.0008038648878668266
2.4024969736735025,0.06518092683400212,0.044869422912597656,0.0014177306291037407,40,1,10,200,"{'max_depth': 40, 'min_samples_leaf': 1, 'min_samples_split': 10, 'n_estimators': 200}",0.7917843211730531,0.788158283069138,0.7642791429545762,0.7814072490655891,0.012201531387366888,54,0.9874466876555363,0.9834010491612327,0.9859781091511883,0.9856086153226524,0.0016721626662583552,0.7872062663185379,0.7819843342036553,0.7594771241830065,0.7762225749017332,0.012031202034241061,51,0.9862834748530372,0.9823644676681907,0.9856396866840731,0.9847625430684337,0.0017159428934869095,0.7888499762391785,0.7931174957118354,0.7707455249558393,0.7842376656356178,0.009698155347094842,64,0.9880655580724731,0.9846446130261026,0.9875025180915191,0.9867375630633649,0.0014976834108928437,0.7968903800424841,0.7854425526789797,0.7598819414544679,0.7807382913919771,0.015470481297685076,51,0.9868414546089578,0.9822622831786934,0.9845479123636527,0.9845505500504346,0.0018694398385579144,0.7888499762391785,0.7931174957118354,0.7707455249558393,0.7842376656356178,0.009698155347094842,64,0.9880655580724731,0.9846446130261026,0.9875025180915191,0.9867375630633649,0.0014976834108928437
4.790708859761556,0.08049391405770162,0.07515223821004231,0.004965972767508518,40,1,10,400,"{'max_depth': 40, 'min_samples_leaf': 1, 'min_samples_split': 10, 'n_estimators': 400}",0.7854484585226531,0.7895770037308076,0.7655689603139122,0.780198140855791,0.010480805117900296,67,0.9865683687119962,0.9856823964707211,0.9837168290784477,0.9853225314203883,0.0011916226223830718,0.7806788511749347,0.783289817232376,0.7594771241830065,0.7744819308634391,0.010663409510287762,57,0.9856303069888962,0.984977139124755,0.9830287206266318,0.9845453889134276,0.0011051000207570672,0.7844332675114303,0.7942538593481989,0.7720055864092931,0.7835642377563073,0.00910358250827586,83,0.9874947935963231,0.9869225526529544,0.9852297790794374,0.9865490417762383,0.0009616671190159293,0.7884218253934221,0.7873497345125635,0.7610587755145042,0.7789434451401632,0.012653942743362229,58,0.9856724277511473,0.9845108768226936,0.9823604313521983,0.9841812453086797,0.0013720599447390603,0.7844332675114303,0.7942538593481989,0.7720055864092931,0.7835642377563073,0.00910358250827586,83,0.9874947935963231,0.9869225526529544,0.9852297790794374,0.9865490417762383,0.0009616671190159293
10.198208014170328,0.12904098773188616,0.23025131225585938,0.0430429889969925,40,1,10,800,"{'max_depth': 40, 'min_samples_leaf': 1, 'min_samples_split': 10, 'n_estimators': 800}",0.7911963355036823,0.7860484976788851,0.7678369935759985,0.7816939422528554,0.01002118850377821,51,0.9871378136557596,0.9873885101879963,0.984584753359037,0.9863703590675975,0.0012667551717287346,0.7859007832898173,0.779373368146214,0.7620915032679738,0.7757885515680017,0.010045185786043914,54,0.9862834748530372,0.9869366427171783,0.9836814621409922,0.9856338599037359,0.001406070134016957,0.7914472849202906,0.790844768439108,0.7742783606401656,0.785523471333188,0.007955297706613284,47,0.9880629754145048,0.9886232329250633,0.985799255161442,0.9874951545003366,0.0012207997502407908,0.7924549804098855,0.7836771917775207,0.7634148175784801,0.7798489965886288,0.012160703738458201,54,0.9862444384799284,0.9862590312356667,0.983480432110165,0.9853279672752534,0.0013064182272683762,0.7914472849202906,0.790844768439108,0.7742783606401656,0.785523471333188,0.007955297706613284,47,0.9880629754145048,0.9886232329250633,0.985799255161442,0.9874951545003366,0.0012207997502407908
2.36335817972819,0.13003146338699278,0.05976088841756185,0.011778622102664846,40,2,2,200,"{'max_depth': 40, 'min_samples_leaf': 2, 'min_samples_split': 2, 'n_estimators': 200}",0.7986968395375968,0.7954639574753057,0.7770748809102113,0.7904118926410378,0.009522597441116137,23,0.9939677654545755,0.9948351837622004,0.9945371587704603,0.9944467026624121,0.00035985215548713534,0.793733681462141,0.7885117493472585,0.7712418300653595,0.7844957536249196,0.00961134784322185,21,0.9941214892227302,0.9947746570868713,0.9947780678851175,0.9945580713982397,0.0003087133571946354,0.7957558154979589,0.7987993138936536,0.7785458397364119,0.7910336563760082,0.008917207856696,25,0.9948889228156231,0.995454451538255,0.9954519393178685,0.9952651045572489,0.00026600263765889774,0.8033004857307358,0.7937304754327633,0.7774545392793835,0.7914951668142942,0.010669292086994164,25,0.99308485963234,0.9942412439647312,0.9936659786591374,0.9936640274187362,0.00047209394302005943,0.7957558154979589,0.7987993138936536,0.7785458397364119,0.7910336563760082,0.008917207856696,25,0.9948889228156231,0.995454451538255,0.9954519393178685,0.9952651045572489,0.00026600263765889774
4.899866978327434,0.07995285875213817,0.07640790939331055,0.006603552251115985,40,2,2,400,"{'max_depth': 40, 'min_samples_leaf': 2, 'min_samples_split': 2, 'n_estimators': 400}",0.7973410397324696,0.8039775512046639,0.7693485737243264,0.7902223882204865,0.015006618980641456,26,0.9928287799968474,0.993958628969144,0.9945371587704603,0.9937748559121505,0.0007094452813714688,0.7911227154046997,0.7963446475195822,0.7633986928104575,0.7836220185782464,0.01445808476448844,30,0.992815153494448,0.9941214892227302,0.9947780678851175,0.9939049035340984,0.0008158595658013361,0.7947431027205403,0.8056174957118354,0.7716758161258565,0.7906788048527441,0.014151520322282092,28,0.993749970651614,0.9948836752825472,0.9954519393178685,0.9946951950840098,0.000707492249266625,0.8014408263305323,0.8041054828646198,0.7679902844402096,0.7911788645451207,0.016432848892235515,28,0.9919432772867789,0.9930772835475243,0.9936659786591374,0.9928955131644802,0.0007149383930080933,0.7947431027205403,0.8056174957118354,0.7716758161258565,0.7906788048527441,0.014151520322282092,28,0.993749970651614,0.9948836752825472,0.9954519393178685,0.9946951950840098,0.000707492249266625
10.126006046930948,0.14954366606245872,0.1872706413269043,0.02053417271034745,40,2,2,800,"{'max_depth': 40, 'min_samples_leaf': 2, 'min_samples_split': 2, 'n_estimators': 800}",0.7972009628261258,0.8005353580911858,0.7716375153408352,0.7897912787527156,0.012908624828819139,30,0.9939677654545755,0.9936987405228359,0.9951066762734486,0.9942577274169534,0.0006102618149520404,0.7924281984334204,0.793733681462141,0.7647058823529411,0.7836225874161675,0.013386743923782458,27,0.9941214892227302,0.9934683213585892,0.9954308093994778,0.9943402066602657,0.0008159729635101387,0.7958846552319558,0.802122641509434,0.7753013572513976,0.7911028846642626,0.011459910402038984,21,0.9948889228156231,0.9943180644228187,0.996021415399873,0.9950761342127716,0.0007078781524973939,0.799971694488883,0.8007625741774522,0.7691679317833249,0.7899674001498868,0.014710988770737602,33,0.99308485963234,0.9931137361018213,0.9942302952948826,0.9934762970096812,0.0005332876166993614,0.7958846552319558,0.802122641509434,0.7753013572513976,0.7911028846642626,0.011459910402038984,21,0.9948889228156231,0.9943180644228187,0.996021415399873,0.9950761342127716,0.0007078781524973939
2.5610886414845786,0.22220730273723197,0.046517372131347656,0.0004271162210347641,40,2,6,200,"{'max_depth': 40, 'min_samples_leaf': 2, 'min_samples_split': 6, 'n_estimators': 200}",0.7886814979912282,0.7943916413425138,0.7777246690213274,0.7869326027850231,0.006915729290080393,38,0.9891097039907968,0.9859177993003159,0.9893988119045332,0.9881421050652154,0.0015772439989360746,0.783289817232376,0.7872062663185379,0.7686274509803922,0.7797078448437688,0.007996498795797568,38,0.9888961463096015,0.9862834748530372,0.9895561357702349,0.988245252310958,0.0014131111345399155,0.7866543877825103,0.7964408233276158,0.7837198894310095,0.7889383668470451,0.0054386248308362075,34,0.990339573739346,0.988056339501027,0.9909090439516732,0.9897683190640154,0.0012326744903527155,0.7913822409026616,0.7938288917544237,0.7741449765654826,0.7864520364075226,0.008759540192052422,38,0.9879478835104065,0.9839537938783338,0.9880009250727784,0.9866342008205061,0.0018954576199551895,0.7866543877825103,0.7964408233276158,0.7837198894310095,0.7889383668470451,0.0054386248308362075,34,0.990339573739346,0.988056339501027,0.9909090439516732,0.9897683190640154,0.0012326744903527155
5.257531642913818,0.09140045707624622,0.07666675249735515,0.007157860279807209,40,2,6,400,"{'max_depth': 40, 'min_samples_leaf': 2, 'min_samples_split': 6, 'n_estimators': 400}",0.7932543060850393,0.7962797224183504,0.7665308923331381,0.785354973612176,0.013367817398447016,42,0.9896751799722888,0.9867844647604994,0.9885312139151948,0.9883302862159944,0.0011886512143734363,0.7872062663185379,0.7885117493472585,0.7594771241830065,0.7783983799496009,0.013389959206391248,42,0.9895493141737427,0.9869366427171783,0.9889033942558747,0.9884631170489319,0.0011111243702369277,0.792568175847789,0.7987993138936536,0.7720004444923865,0.7877893114112764,0.011450560663812245,41,0.990903884505414,0.9886232329250633,0.9903395678696687,0.9899555617667154,0.0009698585543154068,0.7948048001181673,0.7951118527014902,0.7628663151269535,0.7842609893155371,0.015128838533277286,41,0.988514591068957,0.9850996288637373,0.9868741770134933,0.9868294656487292,0.001394510916743248,0.792568175847789,0.7987993138936536,0.7720004444923865,0.7877893114112764,0.011450560663812245,41,0.990903884505414,0.9886232329250633,0.9903395678696687,0.9899555617667154,0.0009698585543154068
10.025464296340942,0.1054849051367312,0.22670459747314453,0.06449543800597644,40,2,6,800,"{'max_depth': 40, 'min_samples_leaf': 2, 'min_samples_split': 6, 'n_estimators': 800}",0.7942438880775403,0.7956852263599308,0.7651714151241769,0.7850335098538826,0.01405694298914066,45,0.9879353237789358,0.987356117437364,0.9882565772734926,0.9878493394965974,0.00037260519921862757,0.7885117493472585,0.7885117493472585,0.7581699346405228,0.77839781111168,0.014303268621759015,45,0.9882429784454605,0.9875898105813194,0.9882506527415144,0.9880278139227648,0.00030973097901558434,0.7936993975672461,0.7987993138936536,0.772113764559373,0.7882041586734241,0.011566557358557761,38,0.9897649323414048,0.989194009180771,0.9897726744456324,0.9895772053226027,0.00027097902425649993,0.7956624239998027,0.7941048534798535,0.7600543495447407,0.7832738756747991,0.016430993107731846,46,0.9862426441139642,0.9856603680075577,0.9868527452870699,0.9862519191361973,0.0004868301645695834,0.7936993975672461,0.7987993138936536,0.772113764559373,0.7882041586734241,0.011566557358557761,38,0.9897649323414048,0.989194009180771,0.9897726744456324,0.9895772053226027,0.00027097902425649993
2.234479824701945,0.13826191215099187,0.04763571421305338,0.00046082523924008954,40,2,10,200,"{'max_depth': 40, 'min_samples_leaf': 2, 'min_samples_split': 10, 'n_estimators': 200}",0.7851395759045596,0.7898185481061042,0.7658539669355366,0.7802706969820669,0.010371588568186365,64,0.9645346072891172,0.9736274309157107,0.9693986914894894,0.9691869098981059,0.00371514907353849,0.7806788511749347,0.7819843342036553,0.7581699346405228,0.7736110400063709,0.010931510193746854,61,0.9640757674722403,0.9725669497060745,0.9686684073107049,0.9684370414963399,0.003470369004115442,0.7843816135516377,0.7955617495711835,0.7746080370073117,0.7848504667100443,0.008560739259956878,54,0.9687369751862919,0.9754878488100545,0.9727322971709564,0.972319040389101,0.0027714808973802597,0.7864233456290673,0.7860681684836507,0.7594739405730317,0.7773218182285833,0.01262118827757006,68,0.9609432386518676,0.9720132699544464,0.9664911779960992,0.9664825622008043,0.004519325461022173,0.7843816135516377,0.7955617495711835,0.7746080370073117,0.7848504667100443,0.008560739259956878,54,0.9687369751862919,0.9754878488100545,0.9727322971709564,0.972319040389101,0.0027714808973802597
4.779375394185384,0.25642029604117245,0.07324822743733723,0.0013180519896849373,40,2,10,400,"{'max_depth': 40, 'min_samples_leaf': 2, 'min_samples_split': 10, 'n_estimators': 400}",0.7793679898965619,0.794420152465738,0.7640038314176245,0.7792639912599748,0.012417628821230663,73,0.9679386622444984,0.9736024589830594,0.972536450477627,0.9713591905683949,0.0024575196227561605,0.7741514360313316,0.7872062663185379,0.7568627450980392,0.7727401491493029,0.012427821423785504,71,0.9673416067929458,0.9732201175702155,0.9719321148825065,0.9708312797485559,0.0025229745320057093,0.7799442432399726,0.798885077186964,0.7734871460798133,0.7841054888355833,0.01077808578586308,76,0.9715740249644416,0.9760573073627062,0.9755693469491062,0.9744002264254181,0.002008330544644688,0.7792656847883797,0.7921113927435837,0.7573115801390911,0.7762295525570181,0.014368259312843825,81,0.9647875071916558,0.9714824981778865,0.969897449516358,0.9687224849619668,0.0028567035028139406,0.7799442432399726,0.798885077186964,0.7734871460798133,0.7841054888355833,0.01077808578586308,76,0.9715740249644416,0.9760573073627062,0.9755693469491062,0.9744002264254181,0.002008330544644688
9.98052724202474,0.18745105556907,0.19577542940775552,0.04881778390473412,40,2,10,800,"{'max_depth': 40, 'min_samples_leaf': 2, 'min_samples_split': 10, 'n_estimators': 800}",0.7800233497699214,0.7950142286354318,0.7625606901444072,0.7791994228499202,0.013261904886408818,76,0.9670841631029983,0.9733011649354836,0.9730935952922022,0.971159641110228,0.002883043765393668,0.7741514360313316,0.7872062663185379,0.7555555555555555,0.7723044193018084,0.012987185377641694,79,0.9666884389288047,0.9732201175702155,0.9725848563968669,0.9708311376319623,0.0029407882841679367,0.7812043046934264,0.8001072041166382,0.7710855321149439,0.7841323469750029,0.012027591478083646,67,0.9710058372765825,0.976052141966727,0.9761310750572059,0.9743963514335051,0.0023976721063582417,0.7795842123602763,0.7922050562868794,0.7563929758677346,0.7760607481716301,0.014830989535503663,85,0.9637157185464406,0.9709781628033505,0.9705607956342596,0.9684182256613503,0.0033295373765525435,0.7812043046934264,0.8001072041166382,0.7710855321149439,0.7841323469750029,0.012027591478083646,67,0.9710058372765825,0.976052141966727,0.9761310750572059,0.9743963514335051,0.0023976721063582417
2.1119139194488525,0.03251297637916292,0.04652762413024902,0.0014406446275538306,40,4,2,200,"{'max_depth': 40, 'min_samples_leaf': 4, 'min_samples_split': 2, 'n_estimators': 200}",0.7913420690457081,0.7876903134539828,0.7619522882473753,0.7803282235823553,0.013078992807856748,58,0.955395598332654,0.9584462592536064,0.9574029591033784,0.9570816055632129,0.001265986858012147,0.7859007832898173,0.7806788511749347,0.7542483660130719,0.7736093334926079,0.013855262298993134,64,0.9549314173742652,0.9575440888308295,0.956266318537859,0.9562472749143179,0.0010667036544684855,0.791395630960498,0.7932032590051458,0.7687045797339915,0.7844344898998784,0.011147180066638783,58,0.9601631712900283,0.9618010674589471,0.961940660850521,0.9613016331998322,0.000807028797007254,0.7916877395281928,0.7850091927765306,0.7567372359571848,0.777811389420636,0.015149052881931952,62,0.9513373698903064,0.9556328183939158,0.9536223712815726,0.9535308531885983,0.0017548031480855292,0.791395630960498,0.7932032590051458,0.7687045797339915,0.7844344898998784,0.011147180066638783,58,0.9601631712900283,0.9618010674589471,0.961940660850521,0.9613016331998322,0.000807028797007254
4.356072664260864,0.05224582583341247,0.08231663703918457,0.001155198041211243,40,4,2,400,"{'max_depth': 40, 'min_samples_leaf': 4, 'min_samples_split': 2, 'n_estimators': 400}",0.7884678359446399,0.7833785305347387,0.7614054474787872,0.7777506046527219,0.01174303707647739,89,0.9570913428233764,0.9616193700000121,0.9587973308300218,0.9591693478844702,0.001867182377217632,0.783289817232376,0.7754569190600522,0.7542483660130719,0.7709983674351667,0.012268129011783126,89,0.9568909209666885,0.960809928151535,0.9569190600522193,0.9582066363901477,0.001840841102723477,0.789153849105501,0.7886578044596912,0.7686993908589396,0.7821703481413773,0.009527557667160572,89,0.96186384569246,0.9652720484048906,0.9625075542745571,0.963214482790636,0.0014784614474488398,0.7886228685817643,0.7809900086274832,0.7557836265933593,0.7751321679342024,0.014031860812312098,89,0.9530769215357897,0.9584733618000897,0.9557017217315926,0.955750668355824,0.002203359360999657,0.789153849105501,0.7886578044596912,0.7686993908589396,0.7821703481413773,0.009527557667160572,89,0.96186384569246,0.9652720484048906,0.9625075542745571,0.963214482790636,0.0014784614474488398
9.158265749613443,0.18330303343242693,0.1901403268178304,0.024445441031603937,40,4,2,800,"{'max_depth': 40, 'min_samples_leaf': 4, 'min_samples_split': 2, 'n_estimators': 800}",0.7889950057779899,0.7902581878801656,0.7580541693856367,0.7791024543479307,0.014892316411408542,81,0.952814096296588,0.9616140952514668,0.9556714942169412,0.9566998952549987,0.0036654423946526397,0.783289817232376,0.7819843342036553,0.7516339869281046,0.7723027127880453,0.014624710663567705,82,0.9523187459177008,0.960809928151535,0.9543080939947781,0.9558122560213379,0.0036260098808151564,0.789153849105501,0.7955617495711835,0.7676608276225521,0.7841254754330788,0.011932554008203429,70,0.9578852728316873,0.9652681655732192,0.9596194572212573,0.9609242985420545,0.0031521140485485607,0.7897961974489367,0.7879058765254278,0.7509870865849126,0.7762297201864256,0.017865912452743462,75,0.9485795299512726,0.9585053230719581,0.9523431511041321,0.9531426680424543,0.004091435181747359,0.789153849105501,0.7955617495711835,0.7676608276225521,0.7841254754330788,0.011932554008203429,70,0.9578852728316873,0.9652681655732192,0.9596194572212573,0.9609242985420545,0.0031521140485485607
2.240141232808431,0.12968485342788633,0.05398805936177572,0.003700096560403186,40,4,6,200,"{'max_depth': 40, 'min_samples_leaf': 4, 'min_samples_split': 6, 'n_estimators': 200}",0.7913420690457081,0.7876903134539828,0.7619522882473753,0.7803282235823553,0.013078992807856748,58,0.955395598332654,0.9584462592536064,0.9574029591033784,0.9570816055632129,0.001265986858012147,0.7859007832898173,0.7806788511749347,0.7542483660130719,0.7736093334926079,0.013855262298993134,64,0.9549314173742652,0.9575440888308295,0.956266318537859,0.9562472749143179,0.0010667036544684855,0.791395630960498,0.7932032590051458,0.7687045797339915,0.7844344898998784,0.011147180066638783,58,0.9601631712900283,0.9618010674589471,0.961940660850521,0.9613016331998322,0.000807028797007254,0.7916877395281928,0.7850091927765306,0.7567372359571848,0.777811389420636,0.015149052881931952,62,0.9513373698903064,0.9556328183939158,0.9536223712815726,0.9535308531885983,0.0017548031480855292,0.791395630960498,0.7932032590051458,0.7687045797339915,0.7844344898998784,0.011147180066638783,58,0.9601631712900283,0.9618010674589471,0.961940660850521,0.9613016331998322,0.000807028797007254
4.442475398381551,0.1811430505455288,0.07904887199401855,0.006820039817341654,40,4,6,400,"{'max_depth': 40, 'min_samples_leaf': 4, 'min_samples_split': 6, 'n_estimators': 400}",0.7884678359446399,0.7833785305347387,0.7614054474787872,0.7777506046527219,0.01174303707647739,89,0.9570913428233764,0.9616193700000121,0.9587973308300218,0.9591693478844702,0.001867182377217632,0.783289817232376,0.7754569190600522,0.7542483660130719,0.7709983674351667,0.012268129011783126,89,0.9568909209666885,0.960809928151535,0.9569190600522193,0.9582066363901477,0.001840841102723477,0.789153849105501,0.7886578044596912,0.7686993908589396,0.7821703481413773,0.009527557667160572,89,0.96186384569246,0.9652720484048906,0.9625075542745571,0.963214482790636,0.0014784614474488398,0.7886228685817643,0.7809900086274832,0.7557836265933593,0.7751321679342024,0.014031860812312098,89,0.9530769215357897,0.9584733618000897,0.9557017217315926,0.955750668355824,0.002203359360999657,0.789153849105501,0.7886578044596912,0.7686993908589396,0.7821703481413773,0.009527557667160572,89,0.96186384569246,0.9652720484048906,0.9625075542745571,0.963214482790636,0.0014784614474488398
8.542849779129028,0.0450933463238241,0.18367536862691244,0.03753326963983302,40,4,6,800,"{'max_depth': 40, 'min_samples_leaf': 4, 'min_samples_split': 6, 'n_estimators': 800}",0.7889950057779899,0.7902581878801656,0.7580541693856367,0.7791024543479307,0.014892316411408542,81,0.952814096296588,0.9616140952514668,0.9556714942169412,0.9566998952549987,0.0036654423946526397,0.783289817232376,0.7819843342036553,0.7516339869281046,0.7723027127880453,0.014624710663567705,82,0.9523187459177008,0.960809928151535,0.9543080939947781,0.9558122560213379,0.0036260098808151564,0.789153849105501,0.7955617495711835,0.7676608276225521,0.7841254754330788,0.011932554008203429,70,0.9578852728316873,0.9652681655732192,0.9596194572212573,0.9609242985420545,0.0031521140485485607,0.7897961974489367,0.7879058765254278,0.7509870865849126,0.7762297201864256,0.017865912452743462,75,0.9485795299512726,0.9585053230719581,0.9523431511041321,0.9531426680424543,0.004091435181747359,0.789153849105501,0.7955617495711835,0.7676608276225521,0.7841254754330788,0.011932554008203429,70,0.9578852728316873,0.9652681655732192,0.9596194572212573,0.9609242985420545,0.0031521140485485607
2.2267347971598306,0.17265423887240203,0.04599801699320475,0.0010893215438562802,40,4,10,200,"{'max_depth': 40, 'min_samples_leaf': 4, 'min_samples_split': 10, 'n_estimators': 200}",0.7766190439758851,0.7783978746144543,0.7620752365319522,0.7723640517074305,0.007311445269645995,105,0.9505021420624153,0.948202286951723,0.9448236773194116,0.9478427021111834,0.0023321258403072955,0.7715404699738904,0.7728459530026109,0.7542483660130719,0.7662115963298577,0.008476053767090649,105,0.9497060744611365,0.9470934030045721,0.9432114882506527,0.9466703219054539,0.0026682279667318573,0.7751616768941507,0.7839408233276158,0.7712040410569823,0.7767688470929163,0.005322508975300496,105,0.9549945931204192,0.9527307023968703,0.949353997681581,0.9523597643996234,0.002317653335382107,0.778609531148704,0.7750027183725128,0.755605549830926,0.7697392664507143,0.01010193822052592,101,0.9467780316759542,0.944368195463295,0.9409975894207687,0.9440479388533394,0.0023706962955425395,0.7751616768941507,0.7839408233276158,0.7712040410569823,0.7767688470929163,0.005322508975300496,105,0.9549945931204192,0.9527307023968703,0.949353997681581,0.9523597643996234,0.002317653335382107
4.037210941314697,0.04654403919241324,0.08043813705444336,0.00789701635739663,40,4,10,400,"{'max_depth': 40, 'min_samples_leaf': 4, 'min_samples_split': 10, 'n_estimators': 400}",0.7784180639851115,0.7844846490767433,0.7630756200374718,0.7753261110331088,0.009009504643953944,98,0.9456512149705021,0.9493215559999852,0.9453810171977733,0.9467845960560869,0.0017972898165117845,0.7741514360313316,0.779373368146214,0.7555555555555555,0.7696934532443671,0.01022178252711946,97,0.9451338994121489,0.9483997387328543,0.9432114882506527,0.945581708798552,0.0021416326640251774,0.7774344511250233,0.790844768439108,0.7723352627764393,0.7802048274468568,0.0078062662305152224,98,0.9510121492075327,0.9532396239141951,0.9493514150236128,0.9512010627151136,0.001592965437836165,0.7796862734651931,0.7817796112543791,0.7564720262275824,0.7726459703157182,0.011468590913142349,98,0.9413417013086813,0.9459773158697593,0.9419944184839044,0.943104478554115,0.0020488054420932707,0.7774344511250233,0.790844768439108,0.7723352627764393,0.7802048274468568,0.0078062662305152224,98,0.9510121492075327,0.9532396239141951,0.9493514150236128,0.9512010627151136,0.001592965437836165
5.708402872085571,0.19636784586637787,0.12965019543965658,0.02236745078822587,40,4,10,800,"{'max_depth': 40, 'min_samples_leaf': 4, 'min_samples_split': 10, 'n_estimators': 800}",0.784049726369175,0.7835246866372694,0.7517906180925344,0.773121677032993,0.015084859370043988,101,0.9465332657727004,0.9513012866762868,0.9467964893398176,0.9482103472629348,0.002188264381396116,0.7780678851174935,0.7780678851174935,0.7450980392156863,0.7670779364835578,0.015542134407895574,101,0.94578706727629,0.9503592423252776,0.9451697127937336,0.9471053407984337,0.0023146184709480137,0.784608300643756,0.7909305317324185,0.7632080785183122,0.7795823036314955,0.011862520460889018,101,0.9521995659887237,0.9549377390576884,0.9510495126377533,0.9527289392280552,0.0016309001999020056,0.7842555893090127,0.7797688569075265,0.7440136538315109,0.76934603334935,0.018006106018746623,104,0.9419476022098954,0.9481853016378475,0.9432306657346304,0.9444545231941244,0.002689559300856806,0.784608300643756,0.7909305317324185,0.7632080785183122,0.7795823036314955,0.011862520460889018,101,0.9521995659887237,0.9549377390576884,0.9510495126377533,0.9527289392280552,0.0016309001999020056
