mean_fit_time,std_fit_time,mean_score_time,std_score_time,param_max_depth,param_min_samples_leaf,param_min_samples_split,param_n_estimators,params,split0_test_f1_macro,split1_test_f1_macro,split2_test_f1_macro,mean_test_f1_macro,std_test_f1_macro,rank_test_f1_macro,split0_train_f1_macro,split1_train_f1_macro,split2_train_f1_macro,mean_train_f1_macro,std_train_f1_macro,split0_test_acc,split1_test_acc,split2_test_acc,mean_test_acc,std_test_acc,rank_test_acc,split0_train_acc,split1_train_acc,split2_train_acc,mean_train_acc,std_train_acc,split0_test_bal_acc,split1_test_bal_acc,split2_test_bal_acc,mean_test_bal_acc,std_test_bal_acc,rank_test_bal_acc,split0_train_bal_acc,split1_train_bal_acc,split2_train_bal_acc,mean_train_bal_acc,std_train_bal_acc,split0_test_prec_macro,split1_test_prec_macro,split2_test_prec_macro,mean_test_prec_macro,std_test_prec_macro,rank_test_prec_macro,split0_train_prec_macro,split1_train_prec_macro,split2_train_prec_macro,mean_train_prec_macro,std_train_prec_macro,split0_test_rec_macro,split1_test_rec_macro,split2_test_rec_macro,mean_test_rec_macro,std_test_rec_macro,rank_test_rec_macro,split0_train_rec_macro,split1_train_rec_macro,split2_train_rec_macro,mean_train_rec_macro,std_train_rec_macro
19.96530803044637,0.3865919946184197,0.06373063723246257,0.005066687150386928,,1,2,200,"{'max_depth': None, 'min_samples_leaf': 1, 'min_samples_split': 2, 'n_estimators': 200}",0.8090747744000023,0.8151980845866204,0.7830016744923654,0.8024248444929961,0.0139599040485106,31,1.0,1.0,1.0,1.0,0.0,0.814621409921671,0.8263707571801566,0.792156862745098,0.8110496766156419,0.014194261803287086,30,1.0,1.0,1.0,1.0,0.0,0.8026077870558129,0.8158662092624356,0.7804760643600289,0.7996500202260926,0.014598558776298913,83,1.0,1.0,1.0,1.0,0.0,0.8286311559522677,0.8203340526433185,0.7981152371682847,0.8156934819212903,0.012882973188858492,12,1.0,1.0,1.0,1.0,0.0,0.8026077870558129,0.8158662092624356,0.7804760643600289,0.7996500202260926,0.014598558776298913,83,1.0,1.0,1.0,1.0,0.0
41.31075954437256,0.16893162546902749,0.09830514589945476,0.004660832199682694,,1,2,400,"{'max_depth': None, 'min_samples_leaf': 1, 'min_samples_split': 2, 'n_estimators': 400}",0.8042475097907924,0.8197261457055058,0.7941863675051802,0.8060533410004928,0.010504470077032374,4,1.0,1.0,1.0,1.0,0.0,0.8093994778067886,0.8302872062663186,0.803921568627451,0.8145360842335195,0.011360025123603875,4,1.0,1.0,1.0,1.0,0.0,0.7980622385940678,0.8204974271012007,0.7931925145764791,0.8039173934239159,0.011891220586544623,10,1.0,1.0,1.0,1.0,0.0,0.8230210345948159,0.8252130949194066,0.8045067789328202,0.8175803028156808,0.009287592158482502,4,1.0,1.0,1.0,1.0,0.0,0.7980622385940678,0.8204974271012007,0.7931925145764791,0.8039173934239159,0.011891220586544623,10,1.0,1.0,1.0,1.0,0.0
86.02321894963582,0.23303001951832775,0.2060109774271647,0.06998048127748506,,1,2,800,"{'max_depth': None, 'min_samples_leaf': 1, 'min_samples_split': 2, 'n_estimators': 800}",0.8056223546903765,0.8189475715867035,0.7957019055614454,0.8067572772795085,0.00952387470874999,1,1.0,1.0,1.0,1.0,0.0,0.8107049608355091,0.8276762402088773,0.8052287581699347,0.8145366530714403,0.009556281058910415,1,1.0,1.0,1.0,1.0,0.0,0.7992244526894003,0.8206689536878216,0.7943340670878947,0.8047424911550388,0.01143731100212376,7,1.0,1.0,1.0,1.0,0.0,0.8266911550852282,0.8229390919447926,0.8062096116255213,0.8186132862185141,0.00890347692417945,1,1.0,1.0,1.0,1.0,0.0,0.7992244526894003,0.8206689536878216,0.7943340670878947,0.8047424911550388,0.01143731100212376,7,1.0,1.0,1.0,1.0,0.0
20.80691870053609,0.2590269616952605,0.05215533574422201,0.012042614418343398,,1,6,200,"{'max_depth': None, 'min_samples_leaf': 1, 'min_samples_split': 6, 'n_estimators': 200}",0.8038000337838855,0.8145524221766007,0.7887617577895356,0.8023714045833407,0.010577344607731012,34,1.0,1.0,1.0,1.0,0.0,0.8093994778067886,0.8224543080939948,0.7986928104575164,0.8101821987860999,0.009716367002149263,37,1.0,1.0,1.0,1.0,0.0,0.7980519078021093,0.816123499142367,0.7898657044003539,0.8013470371149434,0.010970000123659904,50,1.0,1.0,1.0,1.0,0.0,0.8206653556211079,0.8194160791689524,0.7955103359173127,0.8118639235691244,0.011574974290182886,39,1.0,1.0,1.0,1.0,0.0,0.7980519078021093,0.816123499142367,0.7898657044003539,0.8013470371149434,0.010970000123659904,50,1.0,1.0,1.0,1.0,0.0
43.38525493939718,0.36524036953090466,0.07347758611043294,0.0016937770046043805,,1,6,400,"{'max_depth': None, 'min_samples_leaf': 1, 'min_samples_split': 6, 'n_estimators': 400}",0.8074379479695584,0.818265428834046,0.7836764777259936,0.8031266181765327,0.014446211917015546,18,1.0,1.0,1.0,1.0,0.0,0.814621409921671,0.8263707571801566,0.7947712418300653,0.811921136310631,0.013040985411924038,18,1.0,1.0,1.0,1.0,0.0,0.8001393181086977,0.8195325900514581,0.7839674360020855,0.8012131147207472,0.014539253190631601,58,1.0,1.0,1.0,1.0,0.0,0.8296286142185193,0.8231272318161016,0.7926817407158518,0.8151458622501576,0.0161047521044082,16,1.0,1.0,1.0,1.0,0.0,0.8001393181086977,0.8195325900514581,0.7839674360020855,0.8012131147207472,0.014539253190631601,58,1.0,1.0,1.0,1.0,0.0
88.21700104077657,0.4861864116088137,0.2582910855611165,0.06134078319262079,,1,6,800,"{'max_depth': None, 'min_samples_leaf': 1, 'min_samples_split': 6, 'n_estimators': 800}",0.8028252259189644,0.8230553977545468,0.7893053827328324,0.8050620021354479,0.013868868119483959,8,1.0,1.0,1.0,1.0,0.0,0.8093994778067886,0.8315926892950392,0.7986928104575164,0.8132283258531148,0.01370147351935334,8,1.0,1.0,1.0,1.0,0.0,0.795583438854994,0.8240780445969125,0.7898760821504577,0.8031791885341214,0.014960283390545524,22,1.0,1.0,1.0,1.0,0.0,0.8250276765808902,0.8279723558680379,0.7983255896773339,0.8171085407087539,0.01333584695754472,8,1.0,1.0,1.0,1.0,0.0,0.795583438854994,0.8240780445969125,0.7898760821504577,0.8031791885341214,0.014960283390545524,22,1.0,1.0,1.0,1.0,0.0
21.984211921691895,0.29423797515690875,0.05391915639241537,0.0024738900403036197,,1,10,200,"{'max_depth': None, 'min_samples_leaf': 1, 'min_samples_split': 10, 'n_estimators': 200}",0.8019270583843113,0.8148566585438547,0.788478950229593,0.8017542223859196,0.010769347804140612,40,1.0,1.0,1.0,1.0,0.0,0.8080939947780679,0.825065274151436,0.7986928104575164,0.8106173597956735,0.010913363019125811,33,1.0,1.0,1.0,1.0,0.0,0.7981807475361061,0.8183962264150944,0.7873817627443735,0.8013195788985247,0.012854660268735016,53,1.0,1.0,1.0,1.0,0.0,0.8176353246492645,0.8184663560564601,0.7994482986226505,0.8118499931094584,0.008775882592196499,42,1.0,1.0,1.0,1.0,0.0,0.7981807475361061,0.8183962264150944,0.7873817627443735,0.8013195788985247,0.012854660268735016,53,1.0,1.0,1.0,1.0,0.0
44.24857807159424,0.4867546142232846,0.08653863271077473,0.0051026231574628255,,1,10,400,"{'max_depth': None, 'min_samples_leaf': 1, 'min_samples_split': 10, 'n_estimators': 400}",0.8044616878345289,0.8085952122143794,0.7892354661944853,0.8007641220811311,0.00832481975237206,56,1.0,1.0,1.0,1.0,0.0,0.8093994778067886,0.8185378590078329,0.7986928104575164,0.8088767157573793,0.008110135556258483,49,1.0,1.0,1.0,1.0,0.0,0.8005823615009755,0.8102701543739279,0.7886367292390661,0.7998297483713231,0.00884782800686553,76,1.0,1.0,1.0,1.0,0.0,0.8210155752051702,0.8141260254248048,0.7996131632547216,0.8115849212948989,0.008920340687568857,45,1.0,1.0,1.0,1.0,0.0,0.8005823615009755,0.8102701543739279,0.7886367292390661,0.7998297483713231,0.00884782800686553,76,1.0,1.0,1.0,1.0,0.0
95.39450271924336,1.6599549706998649,0.1848155657450358,0.029683611134313344,,1,10,800,"{'max_depth': None, 'min_samples_leaf': 1, 'min_samples_split': 10, 'n_estimators': 800}",0.8057722098497043,0.8128631670509353,0.7925107712225004,0.8037153827077134,0.008435160832623852,13,1.0,1.0,1.0,1.0,0.0,0.8120104438642297,0.8224543080939948,0.8013071895424837,0.8119239805002362,0.008633491479615913,12,1.0,1.0,1.0,1.0,0.0,0.8003453436168988,0.814901372212693,0.7933985870428256,0.8028817676241391,0.008959818732308738,27,1.0,1.0,1.0,1.0,0.0,0.8249220248758439,0.8167518891556229,0.8013249641037745,0.8143329593784138,0.009784127800353844,21,1.0,1.0,1.0,1.0,0.0,0.8003453436168988,0.814901372212693,0.7933985870428256,0.8028817676241391,0.008959818732308738,27,1.0,1.0,1.0,1.0,0.0
22.785529375076294,0.5828129800868375,0.04522482554117838,0.007126917472308655,,2,2,200,"{'max_depth': None, 'min_samples_leaf': 2, 'min_samples_split': 2, 'n_estimators': 200}",0.7964161968803236,0.8194451137684835,0.7740322949107564,0.7966312018531879,0.01854032900651892,94,1.0,0.9994318115783887,1.0,0.999810603859463,0.0002678465906087,0.8028720626631853,0.8263707571801566,0.7856209150326797,0.8049545782920072,0.016701099011128713,89,1.0,0.999346832135859,1.0,0.9997822773786197,0.0003079062839915117,0.7911460685433288,0.8231989708404803,0.7747683018029513,0.7963711137289202,0.020113979363438943,92,1.0,0.9994343891402715,1.0,0.9998114630467572,0.00026663151628451923,0.8143605613715261,0.8229531501239515,0.7853041539070951,0.8075392884675242,0.01610919100094458,81,1.0,0.9994305239179955,1.0,0.9998101746393319,0.00026845359953929856,0.7911460685433288,0.8231989708404803,0.7747683018029513,0.7963711137289202,0.020113979363438943,92,1.0,0.9994343891402715,1.0,0.9998114630467572,0.00026663151628451923
50.08212033907572,0.5167582380825159,0.09889570871988933,0.010420660835766423,,2,2,400,"{'max_depth': None, 'min_samples_leaf': 2, 'min_samples_split': 2, 'n_estimators': 400}",0.8050705450014883,0.8201266260896782,0.7836427685218008,0.8029466465376558,0.014969996087102456,25,1.0,1.0,1.0,1.0,0.0,0.8093994778067886,0.8302872062663186,0.7934640522875817,0.811050245453563,0.015078239123610554,27,1.0,1.0,1.0,1.0,0.0,0.8005513691250999,0.8229416809605489,0.7840808969435078,0.8025246490097189,0.015926089889069024,37,1.0,1.0,1.0,1.0,0.0,0.8214254858380692,0.824167712823914,0.7946721504956998,0.813421783052561,0.013305174255991665,30,1.0,1.0,1.0,1.0,0.0,0.8005513691250999,0.8229416809605489,0.7840808969435078,0.8025246490097189,0.015926089889069024,37,1.0,1.0,1.0,1.0,0.0
100.48567366600037,2.120456790180797,0.22839641571044922,0.041080547640690655,,2,2,800,"{'max_depth': None, 'min_samples_leaf': 2, 'min_samples_split': 2, 'n_estimators': 800}",0.8019365350583625,0.8229127153795927,0.784277641503417,0.8030422973137906,0.015792071132449896,22,1.0,1.0,1.0,1.0,0.0,0.8080939947780679,0.8328981723237598,0.7934640522875817,0.8114854064631364,0.016276541620179278,22,1.0,1.0,1.0,1.0,0.0,0.7969103552906938,0.8264365351629503,0.7840756611103107,0.8024741838546516,0.017735614900396227,40,1.0,1.0,1.0,1.0,0.0,0.8193962612020371,0.8260360735022094,0.7952123794460165,0.8135482380500877,0.013245742961589526,26,1.0,1.0,1.0,1.0,0.0,0.7969103552906938,0.8264365351629503,0.7840756611103107,0.8024741838546516,0.017735614900396227,40,1.0,1.0,1.0,1.0,0.0
25.234484434127808,0.593473675905932,0.0492402712504069,0.0009676619639690236,,2,6,200,"{'max_depth': None, 'min_samples_leaf': 2, 'min_samples_split': 6, 'n_estimators': 200}",0.7999946101515418,0.8057416743101938,0.7849675833365095,0.7969012892660817,0.008758507845557784,91,1.0,0.9994318115783887,1.0,0.999810603859463,0.0002678465906087,0.8054830287206266,0.814621409921671,0.7947712418300653,0.8049585601574543,0.008112278503255296,85,1.0,0.999346832135859,1.0,0.9997822773786197,0.0003079062839915117,0.7946375810598212,0.806861063464837,0.7864565665331177,0.795985070352592,0.008384416867210049,95,1.0,0.9994343891402715,1.0,0.9998114630467572,0.00026663151628451923,0.8179064685314685,0.812216520318481,0.7924502688606345,0.8075244192368615,0.010909212768433988,84,1.0,0.9994305239179955,1.0,0.9998101746393319,0.00026845359953929856,0.7946375810598212,0.806861063464837,0.7864565665331177,0.795985070352592,0.008384416867210049,95,1.0,0.9994343891402715,1.0,0.9998114630467572,0.00026663151628451923
49.7731417020162,0.4065400826085395,0.08402601877848308,0.010502054219893815,,2,6,400,"{'max_depth': None, 'min_samples_leaf': 2, 'min_samples_split': 6, 'n_estimators': 400}",0.8009415513098291,0.8007040717673841,0.7766551031887191,0.7927669087553109,0.011393179482919036,99,1.0,0.9994318115783887,1.0,0.999810603859463,0.0002678465906087,0.8067885117493473,0.8107049608355091,0.7869281045751634,0.80147385905334,0.010408934411221593,98,1.0,0.999346832135859,1.0,0.9997822773786197,0.0003079062839915117,0.7958101259471123,0.8022298456260721,0.7759098073562216,0.7913165929764686,0.011205057862420731,106,1.0,0.9994343891402715,1.0,0.9998114630467572,0.00026663151628451923,0.8194920967312104,0.8069635723747242,0.788146825873276,0.8048674983264036,0.012882200798035247,95,1.0,0.9994305239179955,1.0,0.9998101746393319,0.00026845359953929856,0.7958101259471123,0.8022298456260721,0.7759098073562216,0.7913165929764686,0.011205057862420731,106,1.0,0.9994343891402715,1.0,0.9998114630467572,0.00026663151628451923
100.52998240788777,1.0865484968246417,0.18865601221720377,0.005634608312426479,,2,6,800,"{'max_depth': None, 'min_samples_leaf': 2, 'min_samples_split': 6, 'n_estimators': 800}",0.8068572863908636,0.8118841266983787,0.7829783058510312,0.8005732396467579,0.01260961411850278,60,1.0,1.0,1.0,1.0,0.0,0.8120104438642297,0.8211488250652742,0.7934640522875817,0.8088744404056952,0.011517741364436344,53,1.0,1.0,1.0,1.0,0.0,0.8028138125640141,0.8137650085763293,0.7840756611103107,0.800218160750218,0.01225880348955648,69,1.0,1.0,1.0,1.0,0.0,0.8229731021403801,0.8171298299933398,0.7918848173127927,0.8106625831488375,0.013490473791805681,53,1.0,1.0,1.0,1.0,0.0,0.8028138125640141,0.8137650085763293,0.7840756611103107,0.800218160750218,0.01225880348955648,69,1.0,1.0,1.0,1.0,0.0
24.965400060017902,0.2841514032431923,0.04975732167561849,0.001591792024922391,,2,10,200,"{'max_depth': None, 'min_samples_leaf': 2, 'min_samples_split': 10, 'n_estimators': 200}",0.8036114298399372,0.8078710737598145,0.794933922096182,0.8021388085653113,0.0053832414866768485,37,0.9974193774943538,0.9960246290354632,0.9974232207898018,0.996955742439873,0.000658398471866207,0.8080939947780679,0.814621409921671,0.803921568627451,0.8088789911090633,0.004403318094356491,46,0.9973873285434357,0.9954278249510125,0.9973890339425587,0.9967347291456689,0.0009241210806687723,0.7981807475361061,0.8129716981132076,0.7956817390238019,0.8022780615577051,0.007630057141421015,46,0.9977311379097094,0.9960291106256342,0.9977298436458866,0.99716336406041,0.0008020384693622297,0.8200749917571977,0.8100286048667921,0.8036842002308249,0.8112625989516049,0.0067481635905021495,50,0.9971187860507267,0.9960239863981657,0.9971315655277919,0.9967581126588948,0.0005191318739187244,0.7981807475361061,0.8129716981132076,0.7956817390238019,0.8022780615577051,0.007630057141421015,46,0.9977311379097094,0.9960291106256342,0.9977298436458866,0.99716336406041,0.0008020384693622297
49.569753328959145,0.5812709643425565,0.09316198031107585,0.01642975855326304,,2,10,400,"{'max_depth': None, 'min_samples_leaf': 2, 'min_samples_split': 10, 'n_estimators': 400}",0.8042550149886514,0.805080682631859,0.791676941049069,0.8003375462231932,0.006133242386145004,69,0.9974193752882196,0.9982967209130351,0.9985570265849764,0.9980910409287437,0.00048668320305698124,0.8093994778067886,0.8133159268929504,0.8013071895424837,0.8080075314140741,0.005000371936717398,57,0.9973873285434357,0.9980404964075767,0.9986945169712794,0.998040780640764,0.0005336574788279541,0.7993016384636047,0.8081689536878216,0.7909249761788038,0.7994651894434099,0.007040774189207928,86,0.9977298436458866,0.9982980020248352,0.9988636304939592,0.9982971587215603,0.00046286692658252694,0.820367421359309,0.8091022867683307,0.8017890968201298,0.8104196016492565,0.007641554141333562,56,0.9971149091289357,0.9982967194605274,0.9982551438572527,0.9978889241489052,0.0005475743913239882,0.7993016384636047,0.8081689536878216,0.7909249761788038,0.7994651894434099,0.007040774189207928,86,0.9977298436458866,0.9982980020248352,0.9988636304939592,0.9982971587215603,0.00046286692658252694
98.81248195966084,0.396565920920584,0.1931456724802653,0.052176816607460055,,2,10,800,"{'max_depth': None, 'min_samples_leaf': 2, 'min_samples_split': 10, 'n_estimators': 800}",0.8027313187307691,0.8132901926045331,0.7886958480747995,0.8015724531367004,0.010073982092851704,44,0.9988636356299295,0.9977298260364912,0.9974232207898018,0.9980055608187408,0.000619527228630414,0.8093994778067886,0.8237597911227154,0.7973856209150327,0.810181629948179,0.010781404825444117,40,0.9986936642717178,0.9973873285434357,0.9973890339425587,0.9978233422525707,0.0006154109953820525,0.796802177140614,0.8160377358490566,0.7899790714254856,0.8009396614717188,0.011033360936350382,63,0.9988662131519275,0.9977323911651067,0.9977298436458866,0.998109482654307,0.0005350902771092847,0.8208947405214606,0.8177075836929033,0.7970529716958763,0.8118850986367466,0.010568301167643608,36,0.9988649247577819,0.9977323737545528,0.9971315655277919,0.9979096213467088,0.0007186543382098182,0.796802177140614,0.8160377358490566,0.7899790714254856,0.8009396614717188,0.011033360936350382,63,0.9988662131519275,0.9977323911651067,0.9977298436458866,0.998109482654307,0.0005350902771092847
22.981791575749714,0.5026667212990393,0.04732346534729004,0.005065414382466302,,4,2,200,"{'max_depth': None, 'min_samples_leaf': 4, 'min_samples_split': 2, 'n_estimators': 200}",0.793067656056926,0.8103091758294801,0.7971561126244315,0.8001776481702793,0.007355939043066262,74,0.9937025935834616,0.99313002815278,0.9928384228105542,0.9932236815155986,0.0003589577463177242,0.7976501305483029,0.8159268929503917,0.8026143790849674,0.8053971341945539,0.007716553871409573,77,0.9934683213585892,0.992815153494448,0.9928198433420365,0.9930344393983579,0.0003068068504539391,0.7903290504821529,0.8177744425385933,0.8019817746046594,0.8033617558751353,0.011246944696615151,15,0.9943207409974413,0.9937563363947617,0.9937538417037278,0.9939436396986436,0.00026665283052065044,0.8104053300077216,0.8107186529872148,0.8026019396399275,0.807908640878288,0.003754583984702953,69,0.9931019387391179,0.9925238317910241,0.99196506478066,0.992530278436934,0.00046414923518736363,0.7903290504821529,0.8177744425385933,0.8019817746046594,0.8033617558751353,0.011246944696615151,15,0.9943207409974413,0.9937563363947617,0.9937538417037278,0.9939436396986436,0.00026665283052065044
45.52122902870178,0.2896231977929693,0.08831365903218587,0.014677050381599563,,4,2,400,"{'max_depth': None, 'min_samples_leaf': 4, 'min_samples_split': 2, 'n_estimators': 400}",0.7987415406754973,0.818339183629279,0.787441767011215,0.8015074971053305,0.012764546594542138,47,0.9951453493444147,0.99313002815278,0.9937109023270441,0.9939954266080795,0.0008469928871157756,0.8028720626631853,0.825065274151436,0.7934640522875817,0.8071337963674009,0.013248423464608234,67,0.9947746570868713,0.992815153494448,0.9934725848563969,0.9936874651459053,0.0008142660238089086,0.7973637294749302,0.8257289879931389,0.7927670268222242,0.8052865814300979,0.014576268575687184,1,0.9954596931614504,0.9937563363947617,0.9943233177857324,0.9945131157806482,0.0007082247890849534,0.8131471509397931,0.8194438082546985,0.7935073690565677,0.8086994427503531,0.011045702050221245,62,0.9948498652618407,0.9925238317910241,0.9931236319530308,0.9934991096686319,0.0009860174315648297,0.7973637294749302,0.8257289879931389,0.7927670268222242,0.8052865814300979,0.014576268575687184,1,0.9954596931614504,0.9937563363947617,0.9943233177857324,0.9945131157806482,0.0007082247890849534
91.09310595194499,0.5278501512432276,0.18459510803222656,0.022976196607551604,,4,2,800,"{'max_depth': None, 'min_samples_leaf': 4, 'min_samples_split': 2, 'n_estimators': 800}",0.7970099977011724,0.8141490066156627,0.7901573774154222,0.8004387939107525,0.010090161891848923,63,0.9940076914442283,0.9934405085354081,0.9942778241718346,0.993908674717157,0.00034892941304416825,0.8028720626631853,0.8211488250652742,0.7986928104575164,0.8075712327286585,0.009751232315085047,61,0.9934683213585892,0.992815153494448,0.9941253263707572,0.9934696004079315,0.000534876601612926,0.7960933372295177,0.8186535162950257,0.7935890928840164,0.8027786488028532,0.011271686456368423,31,0.9943233236554095,0.9937615017907409,0.9948902112097686,0.9943250122186397,0.00046079523766696625,0.8101362930985454,0.8168970682522144,0.7964719857198672,0.8078351156902089,0.008495785708682356,75,0.9937083359890018,0.9931382560902784,0.9936842112726375,0.9935102677839726,0.00026323630153509585,0.7960933372295177,0.8186535162950257,0.7935890928840164,0.8027786488028532,0.011271686456368423,31,0.9943233236554095,0.9937615017907409,0.9948902112097686,0.9943250122186397,0.00046079523766696625
22.86083197593689,0.42615090449827714,0.049042701721191406,0.005882063728201822,,4,6,200,"{'max_depth': None, 'min_samples_leaf': 4, 'min_samples_split': 6, 'n_estimators': 200}",0.793067656056926,0.8103091758294801,0.7971561126244315,0.8001776481702793,0.007355939043066262,74,0.9937025935834616,0.99313002815278,0.9928384228105542,0.9932236815155986,0.0003589577463177242,0.7976501305483029,0.8159268929503917,0.8026143790849674,0.8053971341945539,0.007716553871409573,77,0.9934683213585892,0.992815153494448,0.9928198433420365,0.9930344393983579,0.0003068068504539391,0.7903290504821529,0.8177744425385933,0.8019817746046594,0.8033617558751353,0.011246944696615151,15,0.9943207409974413,0.9937563363947617,0.9937538417037278,0.9939436396986436,0.00026665283052065044,0.8104053300077216,0.8107186529872148,0.8026019396399275,0.807908640878288,0.003754583984702953,69,0.9931019387391179,0.9925238317910241,0.99196506478066,0.992530278436934,0.00046414923518736363,0.7903290504821529,0.8177744425385933,0.8019817746046594,0.8033617558751353,0.011246944696615151,15,0.9943207409974413,0.9937563363947617,0.9937538417037278,0.9939436396986436,0.00026665283052065044
45.42431227366129,0.42595782507600183,0.0808714230855306,0.004584921465864878,,4,6,400,"{'max_depth': None, 'min_samples_leaf': 4, 'min_samples_split': 6, 'n_estimators': 400}",0.7987415406754973,0.818339183629279,0.787441767011215,0.8015074971053305,0.012764546594542138,47,0.9951453493444147,0.99313002815278,0.9937109023270441,0.9939954266080795,0.0008469928871157756,0.8028720626631853,0.825065274151436,0.7934640522875817,0.8071337963674009,0.013248423464608234,67,0.9947746570868713,0.992815153494448,0.9934725848563969,0.9936874651459053,0.0008142660238089086,0.7973637294749302,0.8257289879931389,0.7927670268222242,0.8052865814300979,0.014576268575687184,1,0.9954596931614504,0.9937563363947617,0.9943233177857324,0.9945131157806482,0.0007082247890849534,0.8131471509397931,0.8194438082546985,0.7935073690565677,0.8086994427503531,0.011045702050221245,62,0.9948498652618407,0.9925238317910241,0.9931236319530308,0.9934991096686319,0.0009860174315648297,0.7973637294749302,0.8257289879931389,0.7927670268222242,0.8052865814300979,0.014576268575687184,1,0.9954596931614504,0.9937563363947617,0.9943233177857324,0.9945131157806482,0.0007082247890849534
90.92719602584839,0.854316785062282,0.20554534594217935,0.04758262419019097,,4,6,800,"{'max_depth': None, 'min_samples_leaf': 4, 'min_samples_split': 6, 'n_estimators': 800}",0.7970099977011724,0.8141490066156627,0.7901573774154222,0.8004387939107525,0.010090161891848923,63,0.9940076914442283,0.9934405085354081,0.9942778241718346,0.993908674717157,0.00034892941304416825,0.8028720626631853,0.8211488250652742,0.7986928104575164,0.8075712327286585,0.009751232315085047,61,0.9934683213585892,0.992815153494448,0.9941253263707572,0.9934696004079315,0.000534876601612926,0.7960933372295177,0.8186535162950257,0.7935890928840164,0.8027786488028532,0.011271686456368423,31,0.9943233236554095,0.9937615017907409,0.9948902112097686,0.9943250122186397,0.00046079523766696625,0.8101362930985454,0.8168970682522144,0.7964719857198672,0.8078351156902089,0.008495785708682356,75,0.9937083359890018,0.9931382560902784,0.9936842112726375,0.9935102677839726,0.00026323630153509585,0.7960933372295177,0.8186535162950257,0.7935890928840164,0.8027786488028532,0.011271686456368423,31,0.9943233236554095,0.9937615017907409,0.9948902112097686,0.9943250122186397,0.00046079523766696625
23.097647269566853,0.4902755070920717,0.04521608352661133,0.006150647860702385,,4,10,200,"{'max_depth': None, 'min_samples_leaf': 4, 'min_samples_split': 10, 'n_estimators': 200}",0.7950039240041572,0.8077664991127351,0.7732537473892517,0.7920080568353813,0.014248132578257739,106,0.9925648914648653,0.9913790521223361,0.9902609001103505,0.9914016145658505,0.0009407358248777724,0.7989556135770235,0.8133159268929504,0.7803921568627451,0.797554565777573,0.013477533390862488,106,0.992161985630307,0.991508817766166,0.9902088772845953,0.9912932268936894,0.0008117953850339335,0.7952197949780544,0.8142795883361922,0.776419846605181,0.7953064099731426,0.015456296184246885,101,0.9931817888334322,0.9926147838833461,0.9914811026916461,0.992425891802808,0.000707033003370792,0.8073695393663423,0.8090783075640317,0.7825553790996777,0.7996677420100172,0.012120360156082597,106,0.9919629274752001,0.9902015343693538,0.9890998371650339,0.9904214330031959,0.0011791488704191424,0.7952197949780544,0.8142795883361922,0.776419846605181,0.7953064099731426,0.015456296184246885,101,0.9931817888334322,0.9926147838833461,0.9914811026916461,0.992425891802808,0.000707033003370792
45.618393103281655,0.2857432309101432,0.07421024640401204,0.005464976026089895,,4,10,400,"{'max_depth': None, 'min_samples_leaf': 4, 'min_samples_split': 10, 'n_estimators': 400}",0.7852399189273964,0.8055226814916796,0.786504358132359,0.792422319517145,0.00927772653630316,102,0.9934395155157567,0.9913790521223361,0.9919680351415149,0.9922622009265359,0.0008665169668330585,0.7911227154046997,0.8133159268929504,0.792156862745098,0.7988651683475827,0.01022694747820031,101,0.992815153494448,0.991508817766166,0.9921671018276762,0.9921636910294301,0.0005333147812846766,0.7846522803009507,0.8118353344768439,0.7903964521913757,0.7956280223230568,0.01169776625726493,98,0.993753847573405,0.9926147838833461,0.9931843656217233,0.9931843323594914,0.0004650208047908025,0.7984874847374848,0.8070483203126934,0.7942385917067883,0.7999247989189889,0.005327394033452617,102,0.9931350184050218,0.9902015343693538,0.9908172567388933,0.9913846031710897,0.0012629973944217705,0.7846522803009507,0.8118353344768439,0.7903964521913757,0.7956280223230568,0.01169776625726493,98,0.993753847573405,0.9926147838833461,0.9931843656217233,0.9931843323594914,0.0004650208047908025
91.76801411310832,1.5413655238893413,0.18465256690979004,0.00433426761926416,,4,10,800,"{'max_depth': None, 'min_samples_leaf': 4, 'min_samples_split': 10, 'n_estimators': 800}",0.7933894176512274,0.8132753837618409,0.7841430716623298,0.7969359576917993,0.012154734653907958,88,0.9919973958435084,0.9908108513768933,0.9916666395963958,0.9914916289389325,0.0004999623255693396,0.7976501305483029,0.8211488250652742,0.7934640522875817,0.8040876693003862,0.012184500805710716,92,0.991508817766166,0.9908556499020248,0.9921671018276762,0.9915105231652891,0.00053539936471966,0.7915581195597312,0.8186535162950257,0.789033260588458,0.799748298814405,0.013407688446021812,80,0.9926161896732186,0.9920491730236176,0.9931817829637549,0.9926157152201971,0.0004623861935321392,0.8073882278345662,0.8156731139216684,0.7904650784752294,0.8045088067438213,0.010490616827451131,98,0.9913922280490425,0.9896383838533283,0.9902406375894792,0.9904237498306167,0.0007276170858131814,0.7915581195597312,0.8186535162950257,0.789033260588458,0.799748298814405,0.013407688446021812,80,0.9926161896732186,0.9920491730236176,0.9931817829637549,0.9926157152201971,0.0004623861935321392
26.56090299288432,0.7192954825869464,0.05283371607462565,0.0023766354321835127,20,1,2,200,"{'max_depth': 20, 'min_samples_leaf': 1, 'min_samples_split': 2, 'n_estimators': 200}",0.8017828291598075,0.8193980619422158,0.7874753442064157,0.8028854117694797,0.013055694625162716,28,1.0,1.0,1.0,1.0,0.0,0.8080939947780679,0.8315926892950392,0.796078431372549,0.811921705148552,0.014749105147014245,17,1.0,1.0,1.0,1.0,0.0,0.795670955421157,0.8204116638078902,0.7851504525557709,0.8004110239282727,0.014780379828920944,68,1.0,1.0,1.0,1.0,0.0,0.8206059761502945,0.823751573205906,0.8025665289719397,0.8156413594427133,0.009334062677050907,15,1.0,1.0,1.0,1.0,0.0,0.795670955421157,0.8204116638078902,0.7851504525557709,0.8004110239282727,0.014780379828920944,68,1.0,1.0,1.0,1.0,0.0
54.077019691467285,1.043625803425504,0.12253697713216145,0.052055921318372285,20,1,2,400,"{'max_depth': 20, 'min_samples_leaf': 1, 'min_samples_split': 2, 'n_estimators': 400}",0.7993815326105469,0.8183987259442564,0.7919829903354695,0.8032544162967575,0.011126460742258268,16,1.0,1.0,1.0,1.0,0.0,0.8054830287206266,0.8289817232375979,0.8013071895424837,0.8119239805002362,0.012181525593590302,12,1.0,1.0,1.0,1.0,0.0,0.7933981811902844,0.8193610634648372,0.7909197403456066,0.8012263283335761,0.012863051244187454,56,1.0,1.0,1.0,1.0,0.0,0.8181777237308889,0.8235879540495443,0.80267174236812,0.814812473382851,0.008864372893941397,20,1.0,1.0,1.0,1.0,0.0,0.7933981811902844,0.8193610634648372,0.7909197403456066,0.8012263283335761,0.012863051244187454,56,1.0,1.0,1.0,1.0,0.0
106.24277178446452,0.7212926372039979,0.22402358055114746,0.012037650334425167,20,1,2,800,"{'max_depth': 20, 'min_samples_leaf': 1, 'min_samples_split': 2, 'n_estimators': 800}",0.803179957575063,0.8193837884940721,0.7918450922809535,0.8048029461166962,0.01130104762501582,11,1.0,1.0,1.0,1.0,0.0,0.8093994778067886,0.8276762402088773,0.8013071895424837,0.8127943025193831,0.01102951598767721,11,1.0,1.0,1.0,1.0,0.0,0.796843500308448,0.8206689536878216,0.7909249761788038,0.8028124767250245,0.012855545084008787,30,1.0,1.0,1.0,1.0,0.0,0.824429632897864,0.8237234970101193,0.8030018375400758,0.8170516558160198,0.009938903432581653,11,1.0,1.0,1.0,1.0,0.0,0.796843500308448,0.8206689536878216,0.7909249761788038,0.8028124767250245,0.012855545084008787,30,1.0,1.0,1.0,1.0,0.0
26.705702622731526,0.7723996404758723,0.06189719835917155,0.019133820940051654,20,1,6,200,"{'max_depth': 20, 'min_samples_leaf': 1, 'min_samples_split': 6, 'n_estimators': 200}",0.8017253989665238,0.8129047130488825,0.7877385959670076,0.8007895693274714,0.010295312690075862,55,1.0,1.0,1.0,1.0,0.0,0.8067885117493473,0.8224543080939948,0.7973856209150327,0.8088761469194582,0.010340162302780913,52,1.0,1.0,1.0,1.0,0.0,0.7970185334407736,0.8136792452830188,0.7887345296390421,0.7998107694542781,0.01037327161847692,79,1.0,1.0,1.0,1.0,0.0,0.816734999910206,0.8187870353432086,0.7952832633597677,0.8102684328710609,0.010629179689772708,59,1.0,1.0,1.0,1.0,0.0,0.7970185334407736,0.8136792452830188,0.7887345296390421,0.7998107694542781,0.01037327161847692,79,1.0,1.0,1.0,1.0,0.0
52.39524134000143,0.24949311635970164,0.0845192273457845,0.011396083651486547,20,1,6,400,"{'max_depth': 20, 'min_samples_leaf': 1, 'min_samples_split': 6, 'n_estimators': 400}",0.8054872418524083,0.8152263959669444,0.788575534086179,0.8030963906351772,0.011010729219087769,21,1.0,1.0,1.0,1.0,0.0,0.8120104438642297,0.8237597911227154,0.8,0.8119234116623151,0.009700089329550628,16,1.0,1.0,1.0,1.0,0.0,0.799105943747362,0.8160377358490566,0.7885336460477477,0.8012257752147219,0.011328106727284539,57,1.0,1.0,1.0,1.0,0.0,0.8262153756413012,0.8209909877063348,0.797934933068046,0.8150470988052274,0.012286665386679128,19,1.0,1.0,1.0,1.0,0.0,0.799105943747362,0.8160377358490566,0.7885336460477477,0.8012257752147219,0.011328106727284539,57,1.0,1.0,1.0,1.0,0.0
110.0721480846405,3.216657885912296,0.2599778175354004,0.04023800356480071,20,1,6,800,"{'max_depth': 20, 'min_samples_leaf': 1, 'min_samples_split': 6, 'n_estimators': 800}",0.8001218837330459,0.8223881819802537,0.7929148516084527,0.8051416391072507,0.012545059022419288,7,1.0,1.0,1.0,1.0,0.0,0.8067885117493473,0.8302872062663186,0.8026143790849674,0.8132300323668776,0.012181029840200572,7,1.0,1.0,1.0,1.0,0.0,0.7933106646241216,0.822941680960549,0.7932955508096524,0.803182632131441,0.013971758779293613,21,1.0,1.0,1.0,1.0,0.0,0.8214049752407838,0.8282191001400561,0.8018325259237633,0.8171522004348678,0.011184137424059054,7,1.0,1.0,1.0,1.0,0.0,0.7933106646241216,0.822941680960549,0.7932955508096524,0.803182632131441,0.013971758779293613,21,1.0,1.0,1.0,1.0,0.0
26.797739108403523,0.15054757534352764,0.06472460428873698,0.008595238289023206,20,1,10,200,"{'max_depth': 20, 'min_samples_leaf': 1, 'min_samples_split': 10, 'n_estimators': 200}",0.7985291399916937,0.8143776965220908,0.7897215009212113,0.800876112478332,0.01020173858604454,54,1.0,1.0,1.0,1.0,0.0,0.804177545691906,0.825065274151436,0.7986928104575164,0.8093118767669528,0.011362151410506756,45,1.0,1.0,1.0,1.0,0.0,0.7947664207938181,0.8171740994854202,0.7886315403640142,0.8001906868810842,0.01226747507948934,72,1.0,1.0,1.0,1.0,0.0,0.8144103450195201,0.8180003439400212,0.8014991503495152,0.8113032797696856,0.007085795101369407,49,1.0,1.0,1.0,1.0,0.0,0.7947664207938181,0.8171740994854202,0.7886315403640142,0.8001906868810842,0.01226747507948934,72,1.0,1.0,1.0,1.0,0.0
54.52304148674011,0.39661406167941937,0.14390071233113608,0.052170012378730445,20,1,10,400,"{'max_depth': 20, 'min_samples_leaf': 1, 'min_samples_split': 10, 'n_estimators': 400}",0.8045002431054094,0.8108574326532042,0.7864841222634652,0.8006139326740263,0.01032285882287291,59,1.0,1.0,1.0,1.0,0.0,0.8093994778067886,0.8198433420365535,0.796078431372549,0.8084404170719637,0.009725656544653473,56,1.0,1.0,1.0,1.0,0.0,0.8005720307090171,0.8126286449399657,0.786358813091287,0.7998531629134232,0.010736653560587672,75,1.0,1.0,1.0,1.0,0.0,0.8209066508318996,0.8161935004053249,0.7973432754206843,0.811481142219303,0.010180468389600846,48,1.0,1.0,1.0,1.0,0.0,0.8005720307090171,0.8126286449399657,0.786358813091287,0.7998531629134232,0.010736653560587672,75,1.0,1.0,1.0,1.0,0.0
111.79540491104126,1.8671768588179491,0.20389763514200845,0.008020234617322323,20,1,10,800,"{'max_depth': 20, 'min_samples_leaf': 1, 'min_samples_split': 10, 'n_estimators': 800}",0.8045524876245513,0.814882074415488,0.7839033149808069,0.8011126256736154,0.012878803560090076,53,1.0,1.0,1.0,1.0,0.0,0.8107049608355091,0.8237597911227154,0.7947712418300653,0.8097453312627633,0.01185396316879624,43,1.0,1.0,1.0,1.0,0.0,0.7992037911054833,0.8172598627787308,0.7839778137521893,0.800147155878801,0.01360370414440933,73,1.0,1.0,1.0,1.0,0.0,0.8232736645614517,0.8188992076290962,0.7941185506159258,0.8120971409354912,0.01283760753339801,34,1.0,1.0,1.0,1.0,0.0,0.7992037911054833,0.8172598627787308,0.7839778137521893,0.800147155878801,0.01360370414440933,73,1.0,1.0,1.0,1.0,0.0
27.836457411448162,0.10555900899030222,0.08802390098571777,0.039718275521577306,20,2,2,200,"{'max_depth': 20, 'min_samples_leaf': 2, 'min_samples_split': 2, 'n_estimators': 200}",0.7988029805044252,0.815417492226749,0.7775515662481481,0.7972573463264409,0.015497286349838468,87,1.0,0.9994318115783887,1.0,0.999810603859463,0.0002678465906087,0.8054830287206266,0.8224543080939948,0.788235294117647,0.8053908769774227,0.013970005925462886,84,1.0,0.999346832135859,1.0,0.9997822773786197,0.0003079062839915117,0.7934085119822429,0.8185677530017152,0.7782959955703711,0.7967574201847764,0.016610538848654745,90,1.0,0.9994343891402715,1.0,0.9998114630467572,0.00026663151628451923,0.8168724831786003,0.8204270828687932,0.7890984108943166,0.8087993256472368,0.014006030280222091,61,1.0,0.9994305239179955,1.0,0.9998101746393319,0.00026845359953929856,0.7934085119822429,0.8185677530017152,0.7782959955703711,0.7967574201847764,0.016610538848654745,90,1.0,0.9994343891402715,1.0,0.9998114630467572,0.00026663151628451923
55.9053004582723,1.393264824627753,0.08604057629903157,0.007103269496026721,20,2,2,400,"{'max_depth': 20, 'min_samples_leaf': 2, 'min_samples_split': 2, 'n_estimators': 400}",0.8042891751608068,0.8182329390644576,0.7826584417886262,0.8017268520046302,0.0146358085774706,43,1.0,1.0,1.0,1.0,0.0,0.8093994778067886,0.8289817232375979,0.7934640522875817,0.8106150844439893,0.014525483630518967,36,1.0,1.0,1.0,1.0,0.0,0.7993223000475217,0.8205831903945111,0.7828466389908776,0.8009173764776368,0.015447114715984997,67,1.0,1.0,1.0,1.0,0.0,0.8233098269456941,0.8226023293004303,0.793952154190357,0.8132881034788272,0.013675631353962651,33,1.0,1.0,1.0,1.0,0.0,0.7993223000475217,0.8205831903945111,0.7828466389908776,0.8009173764776368,0.015447114715984997,67,1.0,1.0,1.0,1.0,0.0
115.55750179290771,1.2843445285370338,0.29053322474161786,0.09236052034745097,20,2,2,800,"{'max_depth': 20, 'min_samples_leaf': 2, 'min_samples_split': 2, 'n_estimators': 800}",0.8019365350583625,0.8233569005356538,0.7843541144771543,0.8032158500237235,0.01594849658884745,17,1.0,1.0,1.0,1.0,0.0,0.8080939947780679,0.8342036553524804,0.7934640522875817,0.8119205674727099,0.01685053527165458,21,1.0,1.0,1.0,1.0,0.0,0.7969103552906938,0.8263507718696398,0.7840756611103107,0.8024455960902147,0.017696994386239662,43,1.0,1.0,1.0,1.0,0.0,0.8193962612020371,0.8265621612017722,0.7962034648258821,0.8140539624098971,0.012956793036839668,24,1.0,1.0,1.0,1.0,0.0,0.7969103552906938,0.8263507718696398,0.7840756611103107,0.8024455960902147,0.017696994386239662,43,1.0,1.0,1.0,1.0,0.0
28.25068537394206,0.194099612422118,0.05671938260396322,0.015456856732547668,20,2,6,200,"{'max_depth': 20, 'min_samples_leaf': 2, 'min_samples_split': 6, 'n_estimators': 200}",0.8005547980543337,0.806880497293927,0.7857632262077889,0.7977328405186833,0.008849006263647966,86,1.0,0.9994318115783887,0.9994331058472368,0.9996216391418752,0.00026754205028206167,0.8054830287206266,0.8159268929503917,0.7947712418300653,0.8053937211670279,0.008636989269438311,83,1.0,0.999346832135859,0.9993472584856397,0.9995646968738329,0.00030780584159682145,0.7946375810598212,0.8079974271012007,0.7877063441527584,0.79678045077126,0.008421240199847567,89,1.0,0.9994343891402715,0.9994331065759637,0.9996224985720784,0.00026693433312949223,0.8195214960160613,0.8132628159868258,0.7931006606728463,0.8086283242252446,0.011273095418574934,68,1.0,0.9994305239179955,0.9994343891402715,0.999621637686089,0.00026754721131902617,0.7946375810598212,0.8079974271012007,0.7877063441527584,0.79678045077126,0.008421240199847567,89,1.0,0.9994343891402715,0.9994331065759637,0.9996224985720784,0.00026693433312949223
59.29982797304789,0.6744937275788223,0.15425690015157065,0.07461949686190035,20,2,6,400,"{'max_depth': 20, 'min_samples_leaf': 2, 'min_samples_split': 6, 'n_estimators': 400}",0.8017112842756643,0.801487582675495,0.7798104452122271,0.7943364373877954,0.010271833562871006,97,1.0,0.9994318115783887,1.0,0.999810603859463,0.0002678465906087,0.8067885117493473,0.8107049608355091,0.7895424836601307,0.802345318748329,0.009193080117959256,97,1.0,0.999346832135859,1.0,0.9997822773786197,0.0003079062839915117,0.7970495258166491,0.8034519725557461,0.7794323122485894,0.793311270206995,0.010156014197513132,105,1.0,0.9994343891402715,1.0,0.9998114630467572,0.00026663151628451923,0.8190170792938889,0.8072487355186874,0.790570673297637,0.8056121627034044,0.011670712102258134,92,1.0,0.9994305239179955,1.0,0.9998101746393319,0.00026845359953929856,0.7970495258166491,0.8034519725557461,0.7794323122485894,0.793311270206995,0.010156014197513132,105,1.0,0.9994343891402715,1.0,0.9998114630467572,0.00026663151628451923
116.66712737083435,1.131735773878805,0.23817062377929688,0.021909825866976936,20,2,6,800,"{'max_depth': 20, 'min_samples_leaf': 2, 'min_samples_split': 6, 'n_estimators': 800}",0.8063865920213649,0.8118841266983787,0.7817388704947034,0.8000031964048157,0.013108392288767829,80,1.0,1.0,1.0,1.0,0.0,0.8107049608355091,0.8211488250652742,0.792156862745098,0.8080035495486272,0.011989069660856352,60,1.0,1.0,1.0,1.0,0.0,0.8029219907140939,0.8137650085763293,0.782939297473947,0.79987543225479,0.01276759583415115,74,1.0,1.0,1.0,1.0,0.0,0.8217988192187756,0.8171298299933398,0.790338378245355,0.8097556758191568,0.013861780763403282,60,1.0,1.0,1.0,1.0,0.0,0.8029219907140939,0.8137650085763293,0.782939297473947,0.79987543225479,0.01276759583415115,74,1.0,1.0,1.0,1.0,0.0
29.436898072560627,0.5102521670728436,0.06358639399210612,0.015298858937431934,20,2,10,200,"{'max_depth': 20, 'min_samples_leaf': 2, 'min_samples_split': 10, 'n_estimators': 200}",0.8046491045689816,0.8121543928140421,0.7916039451404779,0.8028024808411672,0.008490690560453852,30,0.9968505441344989,0.9960246290354632,0.9979901280598292,0.9969551004099304,0.0008058104056352442,0.8093994778067886,0.8185378590078329,0.8,0.8093124456048738,0.007568299461204407,44,0.9967341606792945,0.9954278249510125,0.9980417754569191,0.9967345870290755,0.0010671408679779123,0.7993223000475217,0.8176029159519725,0.7922726011565657,0.80306593905202,0.010674497229553003,25,0.997164244485673,0.9960291106256342,0.998296737069923,0.9971633640604102,0.0009257548286203872,0.8217250973731296,0.8135829372724838,0.8006682165459899,0.8119920837305344,0.008669723901257025,35,0.9965531810208361,0.9960239863981657,0.9976920865454235,0.9967564179881417,0.00069599735343371,0.7993223000475217,0.8176029159519725,0.7922726011565657,0.80306593905202,0.010674497229553003,25,0.997164244485673,0.9960291106256342,0.998296737069923,0.9971633640604102,0.0009257548286203872
58.765353520711265,1.003611358166147,0.14416718482971191,0.044630142729695205,20,2,10,400,"{'max_depth': 20, 'min_samples_leaf': 2, 'min_samples_split': 10, 'n_estimators': 400}",0.8085732754442478,0.8105729509330629,0.7921343897469555,0.8037602053747555,0.008261128545739163,12,0.9974193752882196,0.9982967209130351,0.9985570265849764,0.9980910409287437,0.00048668320305698124,0.8133159268929504,0.8185378590078329,0.8013071895424837,0.811053658481089,0.007213985783717118,25,0.9973873285434357,0.9980404964075767,0.9986945169712794,0.998040780640764,0.0005336574788279541,0.8039656958673881,0.8139365351629503,0.7909249761788038,0.8029424024030473,0.009422254113032455,26,0.9977298436458866,0.9982980020248352,0.9988636304939592,0.9982971587215603,0.00046286692658252694,0.8242444894726894,0.8140026968284862,0.8029351132139235,0.8137274331716998,0.008701693578262944,25,0.9971149091289357,0.9982967194605274,0.9982551438572527,0.9978889241489052,0.0005475743913239882,0.8039656958673881,0.8139365351629503,0.7909249761788038,0.8029424024030473,0.009422254113032455,26,0.9977298436458866,0.9982980020248352,0.9988636304939592,0.9982971587215603,0.00046286692658252694
116.75595529874165,0.17226627925608828,0.2606946627298991,0.03593455887619643,20,2,10,800,"{'max_depth': 20, 'min_samples_leaf': 2, 'min_samples_split': 10, 'n_estimators': 800}",0.8039351777645352,0.8158729384669755,0.7886585841631114,0.802822233464874,0.011138050511786844,29,0.9982954501381998,0.9977298260364912,0.9974232207898018,0.997816165654831,0.00036128189023988433,0.8107049608355091,0.825065274151436,0.7973856209150327,0.8110519519673259,0.011302834539944769,26,0.9980404964075767,0.9973873285434357,0.9973890339425587,0.9976056196311904,0.0003075051057317937,0.7979437296520294,0.8183962264150944,0.7899790714254856,0.8021063424975364,0.011968825720792225,49,0.998296737069923,0.9977323911651067,0.9977298436458866,0.9979196572936387,0.0002666376951663741,0.8225997341498443,0.8203705582824921,0.7973408313253358,0.8134370412525573,0.011418064248601456,29,0.9982954486757774,0.9977323737545528,0.9971315655277919,0.9977197959860407,0.0004752365346061399,0.7979437296520294,0.8183962264150944,0.7899790714254856,0.8021063424975364,0.011968825720792225,49,0.998296737069923,0.9977323911651067,0.9977298436458866,0.9979196572936387,0.0002666376951663741
27.087773482004803,0.9043246443964738,0.05446020762125651,0.004706811725660066,20,4,2,200,"{'max_depth': 20, 'min_samples_leaf': 4, 'min_samples_split': 2, 'n_estimators': 200}",0.7912955109096285,0.8091559339098121,0.7929865070438804,0.7978126506211071,0.00805056618329321,84,0.9937025935834616,0.99313002815278,0.9928384228105542,0.9932236815155986,0.0003589577463177242,0.7963446475195822,0.814621409921671,0.7986928104575164,0.8032196226329232,0.00811907352387614,95,0.9934683213585892,0.992815153494448,0.9928198433420365,0.9930344393983579,0.0003068068504539391,0.7891874979707373,0.8166380789022298,0.7973280949509797,0.8010512239413156,0.01151172924971499,61,0.9943207409974413,0.9937563363947617,0.9937538417037278,0.9939436396986436,0.00026665283052065044,0.8073054225710847,0.8098394239634052,0.799263872677707,0.8054695730707323,0.004508386909606459,93,0.9931019387391179,0.9925238317910241,0.99196506478066,0.992530278436934,0.00046414923518736363,0.7891874979707373,0.8166380789022298,0.7973280949509797,0.8010512239413156,0.01151172924971499,61,0.9943207409974413,0.9937563363947617,0.9937538417037278,0.9939436396986436,0.00026665283052065044
54.18606988588969,0.7034672500285416,0.1183461348215739,0.014483084460869714,20,4,2,400,"{'max_depth': 20, 'min_samples_leaf': 4, 'min_samples_split': 2, 'n_estimators': 400}",0.7986865548940227,0.8163138009434537,0.7855998280420907,0.8002000612931891,0.01258451585776885,72,0.9951453493444147,0.99313002815278,0.9937109023270441,0.9939954266080795,0.0008469928871157756,0.8028720626631853,0.8224543080939948,0.792156862745098,0.8058277445007594,0.012544210882875297,75,0.9947746570868713,0.992815153494448,0.9934725848563969,0.9936874651459053,0.0008142660238089086,0.7973533986829716,0.8234562607204117,0.7903860744412718,0.8037319112815519,0.014234310013998705,12,0.9954596931614504,0.9937563363947617,0.9943233177857324,0.9945131157806482,0.0007082247890849534,0.8124078311721332,0.8177214800826325,0.7920379996151418,0.8073891036233025,0.01106950802544354,87,0.9948498652618407,0.9925238317910241,0.9931236319530308,0.9934991096686319,0.0009860174315648297,0.7973533986829716,0.8234562607204117,0.7903860744412718,0.8037319112815519,0.014234310013998705,12,0.9954596931614504,0.9937563363947617,0.9943233177857324,0.9945131157806482,0.0007082247890849534
107.79661560058594,0.6877640828684866,0.270061731338501,0.03740583143786972,20,4,2,800,"{'max_depth': 20, 'min_samples_leaf': 4, 'min_samples_split': 2, 'n_estimators': 800}",0.7970099977011724,0.8136576871691996,0.7889839080978904,0.7998838643227542,0.010275964688985815,81,0.9940076914442283,0.9934405085354081,0.9942778241718346,0.993908674717157,0.00034892941304416825,0.8028720626631853,0.8198433420365535,0.7973856209150327,0.8067003418715905,0.009559606015805279,73,0.9934683213585892,0.992815153494448,0.9941253263707572,0.9934696004079315,0.000534876601612926,0.7960933372295177,0.8187392795883363,0.7924527292476528,0.8024284486885023,0.011628869538111887,44,0.9943233236554095,0.9937615017907409,0.9948902112097686,0.9943250122186397,0.00046079523766696625,0.8101362930985454,0.8161337659818781,0.7956593683069697,0.8073098091291312,0.008594261603325448,89,0.9937083359890018,0.9931382560902784,0.9936842112726375,0.9935102677839726,0.00026323630153509585,0.7960933372295177,0.8187392795883363,0.7924527292476528,0.8024284486885023,0.011628869538111887,44,0.9943233236554095,0.9937615017907409,0.9948902112097686,0.9943250122186397,0.00046079523766696625
27.971433957417805,0.2829741948531555,0.05923835436503092,0.0051474205899430525,20,4,6,200,"{'max_depth': 20, 'min_samples_leaf': 4, 'min_samples_split': 6, 'n_estimators': 200}",0.7912955109096285,0.8091559339098121,0.7929865070438804,0.7978126506211071,0.00805056618329321,84,0.9937025935834616,0.99313002815278,0.9928384228105542,0.9932236815155986,0.0003589577463177242,0.7963446475195822,0.814621409921671,0.7986928104575164,0.8032196226329232,0.00811907352387614,95,0.9934683213585892,0.992815153494448,0.9928198433420365,0.9930344393983579,0.0003068068504539391,0.7891874979707373,0.8166380789022298,0.7973280949509797,0.8010512239413156,0.01151172924971499,61,0.9943207409974413,0.9937563363947617,0.9937538417037278,0.9939436396986436,0.00026665283052065044,0.8073054225710847,0.8098394239634052,0.799263872677707,0.8054695730707323,0.004508386909606459,93,0.9931019387391179,0.9925238317910241,0.99196506478066,0.992530278436934,0.00046414923518736363,0.7891874979707373,0.8166380789022298,0.7973280949509797,0.8010512239413156,0.01151172924971499,61,0.9943207409974413,0.9937563363947617,0.9937538417037278,0.9939436396986436,0.00026665283052065044
54.0404380162557,0.3837600652536951,0.10343869527180989,0.017457971218459743,20,4,6,400,"{'max_depth': 20, 'min_samples_leaf': 4, 'min_samples_split': 6, 'n_estimators': 400}",0.7986865548940227,0.8163138009434537,0.7855998280420907,0.8002000612931891,0.01258451585776885,72,0.9951453493444147,0.99313002815278,0.9937109023270441,0.9939954266080795,0.0008469928871157756,0.8028720626631853,0.8224543080939948,0.792156862745098,0.8058277445007594,0.012544210882875297,75,0.9947746570868713,0.992815153494448,0.9934725848563969,0.9936874651459053,0.0008142660238089086,0.7973533986829716,0.8234562607204117,0.7903860744412718,0.8037319112815519,0.014234310013998705,12,0.9954596931614504,0.9937563363947617,0.9943233177857324,0.9945131157806482,0.0007082247890849534,0.8124078311721332,0.8177214800826325,0.7920379996151418,0.8073891036233025,0.01106950802544354,87,0.9948498652618407,0.9925238317910241,0.9931236319530308,0.9934991096686319,0.0009860174315648297,0.7973533986829716,0.8234562607204117,0.7903860744412718,0.8037319112815519,0.014234310013998705,12,0.9954596931614504,0.9937563363947617,0.9943233177857324,0.9945131157806482,0.0007082247890849534
108.73278951644897,1.6653821661637473,0.27040449778238934,0.034864320236685696,20,4,6,800,"{'max_depth': 20, 'min_samples_leaf': 4, 'min_samples_split': 6, 'n_estimators': 800}",0.7970099977011724,0.8136576871691996,0.7889839080978904,0.7998838643227542,0.010275964688985815,81,0.9940076914442283,0.9934405085354081,0.9942778241718346,0.993908674717157,0.00034892941304416825,0.8028720626631853,0.8198433420365535,0.7973856209150327,0.8067003418715905,0.009559606015805279,73,0.9934683213585892,0.992815153494448,0.9941253263707572,0.9934696004079315,0.000534876601612926,0.7960933372295177,0.8187392795883363,0.7924527292476528,0.8024284486885023,0.011628869538111887,44,0.9943233236554095,0.9937615017907409,0.9948902112097686,0.9943250122186397,0.00046079523766696625,0.8101362930985454,0.8161337659818781,0.7956593683069697,0.8073098091291312,0.008594261603325448,89,0.9937083359890018,0.9931382560902784,0.9936842112726375,0.9935102677839726,0.00026323630153509585,0.7960933372295177,0.8187392795883363,0.7924527292476528,0.8024284486885023,0.011628869538111887,44,0.9943233236554095,0.9937615017907409,0.9948902112097686,0.9943250122186397,0.00046079523766696625
27.898136059443157,0.7080781694840066,0.05281821886698405,0.007728970239701174,20,4,10,200,"{'max_depth': 20, 'min_samples_leaf': 4, 'min_samples_split': 10, 'n_estimators': 200}",0.7980923589771673,0.8064858990933079,0.774525133811652,0.7930344639607091,0.0135292117495295,98,0.9925648914648653,0.9913790521223361,0.9902609001103505,0.9914016145658505,0.0009407358248777724,0.8015665796344648,0.8120104438642297,0.7816993464052288,0.798425456634641,0.012572208704580102,105,0.992161985630307,0.991508817766166,0.9902088772845953,0.9912932268936894,0.0008117953850339335,0.7987319690784639,0.8131432246998285,0.7775613991165966,0.7964788642982964,0.0146133258551158,91,0.9931817888334322,0.9926147838833461,0.9914811026916461,0.992425891802808,0.000707033003370792,0.8095053166897828,0.8075628866978677,0.7842722599688307,0.800446821118827,0.011464600003622804,101,0.9919629274752001,0.9902015343693538,0.9890998371650339,0.9904214330031959,0.0011791488704191424,0.7987319690784639,0.8131432246998285,0.7775613991165966,0.7964788642982964,0.0146133258551158,91,0.9931817888334322,0.9926147838833461,0.9914811026916461,0.992425891802808,0.000707033003370792
54.35737363497416,0.3304574558779296,0.11612359682718913,0.044265198070638494,20,4,10,400,"{'max_depth': 20, 'min_samples_leaf': 4, 'min_samples_split': 10, 'n_estimators': 400}",0.7852399189273964,0.8055226814916796,0.7857970615647518,0.7921865539946094,0.009432808858559441,105,0.9934395155157567,0.9913790521223361,0.9919680351415149,0.9922622009265359,0.0008665169668330585,0.7911227154046997,0.8133159268929504,0.792156862745098,0.7988651683475827,0.01022694747820031,101,0.992815153494448,0.991508817766166,0.9921671018276762,0.9921636910294301,0.0005333147812846766,0.7846522803009507,0.8118353344768439,0.7891518634467869,0.7952131594081938,0.01189633249174472,104,0.993753847573405,0.9926147838833461,0.9931843656217233,0.9931843323594914,0.0004650208047908025,0.7984874847374848,0.8070483203126934,0.793911470125809,0.7998157583919957,0.005444718626590474,105,0.9931350184050218,0.9902015343693538,0.9908172567388933,0.9913846031710897,0.0012629973944217705,0.7846522803009507,0.8118353344768439,0.7891518634467869,0.7952131594081938,0.01189633249174472,104,0.993753847573405,0.9926147838833461,0.9931843656217233,0.9931843323594914,0.0004650208047908025
108.19473528862,1.157365108958102,0.2262235482533773,0.018671870332049173,20,4,10,800,"{'max_depth': 20, 'min_samples_leaf': 4, 'min_samples_split': 10, 'n_estimators': 800}",0.7953185958853686,0.8145575637053004,0.7842638015893508,0.7980466537266734,0.012516914701676386,83,0.9925655835514005,0.9908108513768933,0.9916666395963958,0.9916810248415632,0.0007164386238060023,0.7989556135770235,0.8224543080939948,0.7934640522875817,0.8049579913195334,0.01257325566041271,88,0.992161985630307,0.9908556499020248,0.9921671018276762,0.9917282457866694,0.0006170220024671282,0.7939390719406836,0.8197898799313894,0.7890384494635099,0.800922467111861,0.013490452798005583,66,0.9931856657552232,0.9920491730236176,0.9931817829637549,0.9928055405808652,0.000534834977826458,0.8085793986375381,0.8171809598323998,0.7911454969471245,0.8056352851390208,0.010830887471540214,91,0.9919629806652284,0.9896383838533283,0.9902406375894792,0.9906140007026787,0.0009850507923274822,0.7939390719406836,0.8197898799313894,0.7890384494635099,0.800922467111861,0.013490452798005583,66,0.9931856657552232,0.9920491730236176,0.9931817829637549,0.9928055405808652,0.000534834977826458
32.369892040888466,1.4243142988232869,0.0790556271870931,0.026199948975995754,30,1,2,200,"{'max_depth': 30, 'min_samples_leaf': 1, 'min_samples_split': 2, 'n_estimators': 200}",0.8090747744000023,0.8151980845866204,0.7830016744923654,0.8024248444929961,0.0139599040485106,31,1.0,1.0,1.0,1.0,0.0,0.814621409921671,0.8263707571801566,0.792156862745098,0.8110496766156419,0.014194261803287086,30,1.0,1.0,1.0,1.0,0.0,0.8026077870558129,0.8158662092624356,0.7804760643600289,0.7996500202260926,0.014598558776298913,83,1.0,1.0,1.0,1.0,0.0,0.8286311559522677,0.8203340526433185,0.7981152371682847,0.8156934819212903,0.012882973188858492,12,1.0,1.0,1.0,1.0,0.0,0.8026077870558129,0.8158662092624356,0.7804760643600289,0.7996500202260926,0.014598558776298913,83,1.0,1.0,1.0,1.0,0.0
63.62016256650289,0.42218189690774277,0.1292084058125814,0.017800718572388883,30,1,2,400,"{'max_depth': 30, 'min_samples_leaf': 1, 'min_samples_split': 2, 'n_estimators': 400}",0.8042475097907924,0.8197261457055058,0.7931882984312489,0.8057206513091825,0.010883992647855207,6,1.0,1.0,1.0,1.0,0.0,0.8093994778067886,0.8302872062663186,0.8026143790849674,0.8141003543860249,0.011776247888925737,6,1.0,1.0,1.0,1.0,0.0,0.7980622385940678,0.8204974271012007,0.7920612928570221,0.8035403195174302,0.012238204134060862,14,1.0,1.0,1.0,1.0,0.0,0.8230210345948159,0.8252130949194066,0.8034712781313165,0.8172351358818464,0.009773573800450446,6,1.0,1.0,1.0,1.0,0.0,0.7980622385940678,0.8204974271012007,0.7920612928570221,0.8035403195174302,0.012238204134060862,14,1.0,1.0,1.0,1.0,0.0
126.98886267344157,1.575201863786812,0.28566527366638184,0.048310681406651595,30,1,2,800,"{'max_depth': 30, 'min_samples_leaf': 1, 'min_samples_split': 2, 'n_estimators': 800}",0.8056223546903765,0.8189475715867035,0.7957019055614454,0.8067572772795085,0.00952387470874999,1,1.0,1.0,1.0,1.0,0.0,0.8107049608355091,0.8276762402088773,0.8052287581699347,0.8145366530714403,0.009556281058910415,1,1.0,1.0,1.0,1.0,0.0,0.7992244526894003,0.8206689536878216,0.7943340670878947,0.8047424911550388,0.01143731100212376,7,1.0,1.0,1.0,1.0,0.0,0.8266911550852282,0.8229390919447926,0.8062096116255213,0.8186132862185141,0.00890347692417945,1,1.0,1.0,1.0,1.0,0.0,0.7992244526894003,0.8206689536878216,0.7943340670878947,0.8047424911550388,0.01143731100212376,7,1.0,1.0,1.0,1.0,0.0
32.26371240615845,1.0222611494934073,0.0538640022277832,0.007571927244457853,30,1,6,200,"{'max_depth': 30, 'min_samples_leaf': 1, 'min_samples_split': 6, 'n_estimators': 200}",0.8038000337838855,0.8145524221766007,0.7887617577895356,0.8023714045833407,0.010577344607731012,34,1.0,1.0,1.0,1.0,0.0,0.8093994778067886,0.8224543080939948,0.7986928104575164,0.8101821987860999,0.009716367002149263,37,1.0,1.0,1.0,1.0,0.0,0.7980519078021093,0.816123499142367,0.7898657044003539,0.8013470371149434,0.010970000123659904,50,1.0,1.0,1.0,1.0,0.0,0.8206653556211079,0.8194160791689524,0.7955103359173127,0.8118639235691244,0.011574974290182886,39,1.0,1.0,1.0,1.0,0.0,0.7980519078021093,0.816123499142367,0.7898657044003539,0.8013470371149434,0.010970000123659904,50,1.0,1.0,1.0,1.0,0.0
63.445134003957115,0.3130012758810641,0.11854267120361328,0.013476516454624634,30,1,6,400,"{'max_depth': 30, 'min_samples_leaf': 1, 'min_samples_split': 6, 'n_estimators': 400}",0.8074379479695584,0.818265428834046,0.7836764777259936,0.8031266181765327,0.014446211917015546,18,1.0,1.0,1.0,1.0,0.0,0.814621409921671,0.8263707571801566,0.7947712418300653,0.811921136310631,0.013040985411924038,18,1.0,1.0,1.0,1.0,0.0,0.8001393181086977,0.8195325900514581,0.7839674360020855,0.8012131147207472,0.014539253190631601,58,1.0,1.0,1.0,1.0,0.0,0.8296286142185193,0.8231272318161016,0.7926817407158518,0.8151458622501576,0.0161047521044082,16,1.0,1.0,1.0,1.0,0.0,0.8001393181086977,0.8195325900514581,0.7839674360020855,0.8012131147207472,0.014539253190631601,58,1.0,1.0,1.0,1.0,0.0
125.39670936266582,2.916012523799659,0.4939742883046468,0.3335663516308333,30,1,6,800,"{'max_depth': 30, 'min_samples_leaf': 1, 'min_samples_split': 6, 'n_estimators': 800}",0.8028252259189644,0.8230553977545468,0.7893053827328324,0.8050620021354479,0.013868868119483959,8,1.0,1.0,1.0,1.0,0.0,0.8093994778067886,0.8315926892950392,0.7986928104575164,0.8132283258531148,0.01370147351935334,8,1.0,1.0,1.0,1.0,0.0,0.795583438854994,0.8240780445969125,0.7898760821504577,0.8031791885341214,0.014960283390545524,22,1.0,1.0,1.0,1.0,0.0,0.8250276765808902,0.8279723558680379,0.7983255896773339,0.8171085407087539,0.01333584695754472,8,1.0,1.0,1.0,1.0,0.0,0.795583438854994,0.8240780445969125,0.7898760821504577,0.8031791885341214,0.014960283390545524,22,1.0,1.0,1.0,1.0,0.0
31.874969402949016,0.42672576268416756,0.05461804072062174,0.00569454738283029,30,1,10,200,"{'max_depth': 30, 'min_samples_leaf': 1, 'min_samples_split': 10, 'n_estimators': 200}",0.8019270583843113,0.8148566585438547,0.788478950229593,0.8017542223859196,0.010769347804140612,40,1.0,1.0,1.0,1.0,0.0,0.8080939947780679,0.825065274151436,0.7986928104575164,0.8106173597956735,0.010913363019125811,33,1.0,1.0,1.0,1.0,0.0,0.7981807475361061,0.8183962264150944,0.7873817627443735,0.8013195788985247,0.012854660268735016,53,1.0,1.0,1.0,1.0,0.0,0.8176353246492645,0.8184663560564601,0.7994482986226505,0.8118499931094584,0.008775882592196499,42,1.0,1.0,1.0,1.0,0.0,0.7981807475361061,0.8183962264150944,0.7873817627443735,0.8013195788985247,0.012854660268735016,53,1.0,1.0,1.0,1.0,0.0
63.71207729975382,0.9318374219035055,0.13196070988972983,0.039164077768961504,30,1,10,400,"{'max_depth': 30, 'min_samples_leaf': 1, 'min_samples_split': 10, 'n_estimators': 400}",0.8044616878345289,0.8085952122143794,0.7892354661944853,0.8007641220811311,0.00832481975237206,56,1.0,1.0,1.0,1.0,0.0,0.8093994778067886,0.8185378590078329,0.7986928104575164,0.8088767157573793,0.008110135556258483,49,1.0,1.0,1.0,1.0,0.0,0.8005823615009755,0.8102701543739279,0.7886367292390661,0.7998297483713231,0.00884782800686553,76,1.0,1.0,1.0,1.0,0.0,0.8210155752051702,0.8141260254248048,0.7996131632547216,0.8115849212948989,0.008920340687568857,45,1.0,1.0,1.0,1.0,0.0,0.8005823615009755,0.8102701543739279,0.7886367292390661,0.7998297483713231,0.00884782800686553,76,1.0,1.0,1.0,1.0,0.0
128.35829528172812,1.8425745963930011,0.2731176217397054,0.04746576421159621,30,1,10,800,"{'max_depth': 30, 'min_samples_leaf': 1, 'min_samples_split': 10, 'n_estimators': 800}",0.8057722098497043,0.8128631670509353,0.7925107712225004,0.8037153827077134,0.008435160832623852,13,1.0,1.0,1.0,1.0,0.0,0.8120104438642297,0.8224543080939948,0.8013071895424837,0.8119239805002362,0.008633491479615913,12,1.0,1.0,1.0,1.0,0.0,0.8003453436168988,0.814901372212693,0.7933985870428256,0.8028817676241391,0.008959818732308738,27,1.0,1.0,1.0,1.0,0.0,0.8249220248758439,0.8167518891556229,0.8013249641037745,0.8143329593784138,0.009784127800353844,21,1.0,1.0,1.0,1.0,0.0,0.8003453436168988,0.814901372212693,0.7933985870428256,0.8028817676241391,0.008959818732308738,27,1.0,1.0,1.0,1.0,0.0
33.616903146107994,1.606670865691732,0.12973483403523764,0.09678338381784635,30,2,2,200,"{'max_depth': 30, 'min_samples_leaf': 2, 'min_samples_split': 2, 'n_estimators': 200}",0.7964161968803236,0.8194451137684835,0.7740322949107564,0.7966312018531879,0.01854032900651892,94,1.0,0.9994318115783887,1.0,0.999810603859463,0.0002678465906087,0.8028720626631853,0.8263707571801566,0.7856209150326797,0.8049545782920072,0.016701099011128713,89,1.0,0.999346832135859,1.0,0.9997822773786197,0.0003079062839915117,0.7911460685433288,0.8231989708404803,0.7747683018029513,0.7963711137289202,0.020113979363438943,92,1.0,0.9994343891402715,1.0,0.9998114630467572,0.00026663151628451923,0.8143605613715261,0.8229531501239515,0.7853041539070951,0.8075392884675242,0.01610919100094458,81,1.0,0.9994305239179955,1.0,0.9998101746393319,0.00026845359953929856,0.7911460685433288,0.8231989708404803,0.7747683018029513,0.7963711137289202,0.020113979363438943,92,1.0,0.9994343891402715,1.0,0.9998114630467572,0.00026663151628451923
65.53118697802226,0.6932204610589835,0.13903546333312988,0.020182932322247646,30,2,2,400,"{'max_depth': 30, 'min_samples_leaf': 2, 'min_samples_split': 2, 'n_estimators': 400}",0.8050705450014883,0.8201266260896782,0.7836427685218008,0.8029466465376558,0.014969996087102456,25,1.0,1.0,1.0,1.0,0.0,0.8093994778067886,0.8302872062663186,0.7934640522875817,0.811050245453563,0.015078239123610554,27,1.0,1.0,1.0,1.0,0.0,0.8005513691250999,0.8229416809605489,0.7840808969435078,0.8025246490097189,0.015926089889069024,37,1.0,1.0,1.0,1.0,0.0,0.8214254858380692,0.824167712823914,0.7946721504956998,0.813421783052561,0.013305174255991665,30,1.0,1.0,1.0,1.0,0.0,0.8005513691250999,0.8229416809605489,0.7840808969435078,0.8025246490097189,0.015926089889069024,37,1.0,1.0,1.0,1.0,0.0
124.07560769716899,2.8411495953668857,0.2517124017079671,0.026334458120504063,30,2,2,800,"{'max_depth': 30, 'min_samples_leaf': 2, 'min_samples_split': 2, 'n_estimators': 800}",0.8019365350583625,0.8229127153795927,0.784277641503417,0.8030422973137906,0.015792071132449896,22,1.0,1.0,1.0,1.0,0.0,0.8080939947780679,0.8328981723237598,0.7934640522875817,0.8114854064631364,0.016276541620179278,22,1.0,1.0,1.0,1.0,0.0,0.7969103552906938,0.8264365351629503,0.7840756611103107,0.8024741838546516,0.017735614900396227,40,1.0,1.0,1.0,1.0,0.0,0.8193962612020371,0.8260360735022094,0.7952123794460165,0.8135482380500877,0.013245742961589526,26,1.0,1.0,1.0,1.0,0.0,0.7969103552906938,0.8264365351629503,0.7840756611103107,0.8024741838546516,0.017735614900396227,40,1.0,1.0,1.0,1.0,0.0
30.855959335962932,1.1502378837388199,0.05083306630452474,0.0005187242560887897,30,2,6,200,"{'max_depth': 30, 'min_samples_leaf': 2, 'min_samples_split': 6, 'n_estimators': 200}",0.7999946101515418,0.8057416743101938,0.7849675833365095,0.7969012892660817,0.008758507845557784,91,1.0,0.9994318115783887,1.0,0.999810603859463,0.0002678465906087,0.8054830287206266,0.814621409921671,0.7947712418300653,0.8049585601574543,0.008112278503255296,85,1.0,0.999346832135859,1.0,0.9997822773786197,0.0003079062839915117,0.7946375810598212,0.806861063464837,0.7864565665331177,0.795985070352592,0.008384416867210049,95,1.0,0.9994343891402715,1.0,0.9998114630467572,0.00026663151628451923,0.8179064685314685,0.812216520318481,0.7924502688606345,0.8075244192368615,0.010909212768433988,84,1.0,0.9994305239179955,1.0,0.9998101746393319,0.00026845359953929856,0.7946375810598212,0.806861063464837,0.7864565665331177,0.795985070352592,0.008384416867210049,95,1.0,0.9994343891402715,1.0,0.9998114630467572,0.00026663151628451923
61.47909816106161,0.8201842935343057,0.08817481994628906,0.0019124870623962727,30,2,6,400,"{'max_depth': 30, 'min_samples_leaf': 2, 'min_samples_split': 6, 'n_estimators': 400}",0.8009415513098291,0.8007040717673841,0.7766551031887191,0.7927669087553109,0.011393179482919036,99,1.0,0.9994318115783887,1.0,0.999810603859463,0.0002678465906087,0.8067885117493473,0.8107049608355091,0.7869281045751634,0.80147385905334,0.010408934411221593,98,1.0,0.999346832135859,1.0,0.9997822773786197,0.0003079062839915117,0.7958101259471123,0.8022298456260721,0.7759098073562216,0.7913165929764686,0.011205057862420731,106,1.0,0.9994343891402715,1.0,0.9998114630467572,0.00026663151628451923,0.8194920967312104,0.8069635723747242,0.788146825873276,0.8048674983264036,0.012882200798035247,95,1.0,0.9994305239179955,1.0,0.9998101746393319,0.00026845359953929856,0.7958101259471123,0.8022298456260721,0.7759098073562216,0.7913165929764686,0.011205057862420731,106,1.0,0.9994343891402715,1.0,0.9998114630467572,0.00026663151628451923
122.0933650334676,1.8719388827054155,0.21788803736368814,0.013031959849683016,30,2,6,800,"{'max_depth': 30, 'min_samples_leaf': 2, 'min_samples_split': 6, 'n_estimators': 800}",0.8068572863908636,0.8118841266983787,0.7829783058510312,0.8005732396467579,0.01260961411850278,60,1.0,1.0,1.0,1.0,0.0,0.8120104438642297,0.8211488250652742,0.7934640522875817,0.8088744404056952,0.011517741364436344,53,1.0,1.0,1.0,1.0,0.0,0.8028138125640141,0.8137650085763293,0.7840756611103107,0.800218160750218,0.01225880348955648,69,1.0,1.0,1.0,1.0,0.0,0.8229731021403801,0.8171298299933398,0.7918848173127927,0.8106625831488375,0.013490473791805681,53,1.0,1.0,1.0,1.0,0.0,0.8028138125640141,0.8137650085763293,0.7840756611103107,0.800218160750218,0.01225880348955648,69,1.0,1.0,1.0,1.0,0.0
30.3780677318573,0.2760443845234403,0.05217353502909342,0.0006498431056959062,30,2,10,200,"{'max_depth': 30, 'min_samples_leaf': 2, 'min_samples_split': 10, 'n_estimators': 200}",0.8036114298399372,0.8078710737598145,0.794933922096182,0.8021388085653113,0.0053832414866768485,37,0.9974193774943538,0.9960246290354632,0.9974232207898018,0.996955742439873,0.000658398471866207,0.8080939947780679,0.814621409921671,0.803921568627451,0.8088789911090633,0.004403318094356491,46,0.9973873285434357,0.9954278249510125,0.9973890339425587,0.9967347291456689,0.0009241210806687723,0.7981807475361061,0.8129716981132076,0.7956817390238019,0.8022780615577051,0.007630057141421015,46,0.9977311379097094,0.9960291106256342,0.9977298436458866,0.99716336406041,0.0008020384693622297,0.8200749917571977,0.8100286048667921,0.8036842002308249,0.8112625989516049,0.0067481635905021495,50,0.9971187860507267,0.9960239863981657,0.9971315655277919,0.9967581126588948,0.0005191318739187244,0.7981807475361061,0.8129716981132076,0.7956817390238019,0.8022780615577051,0.007630057141421015,46,0.9977311379097094,0.9960291106256342,0.9977298436458866,0.99716336406041,0.0008020384693622297
62.26067193349203,0.17672899929372243,0.10163013140360515,0.009036488689401703,30,2,10,400,"{'max_depth': 30, 'min_samples_leaf': 2, 'min_samples_split': 10, 'n_estimators': 400}",0.8042550149886514,0.805080682631859,0.791676941049069,0.8003375462231932,0.006133242386145004,69,0.9974193752882196,0.9982967209130351,0.9985570265849764,0.9980910409287437,0.00048668320305698124,0.8093994778067886,0.8133159268929504,0.8013071895424837,0.8080075314140741,0.005000371936717398,57,0.9973873285434357,0.9980404964075767,0.9986945169712794,0.998040780640764,0.0005336574788279541,0.7993016384636047,0.8081689536878216,0.7909249761788038,0.7994651894434099,0.007040774189207928,86,0.9977298436458866,0.9982980020248352,0.9988636304939592,0.9982971587215603,0.00046286692658252694,0.820367421359309,0.8091022867683307,0.8017890968201298,0.8104196016492565,0.007641554141333562,56,0.9971149091289357,0.9982967194605274,0.9982551438572527,0.9978889241489052,0.0005475743913239882,0.7993016384636047,0.8081689536878216,0.7909249761788038,0.7994651894434099,0.007040774189207928,86,0.9977298436458866,0.9982980020248352,0.9988636304939592,0.9982971587215603,0.00046286692658252694
122.90172704060872,0.5525365214630665,0.2841525872548421,0.0023123663647865032,30,2,10,800,"{'max_depth': 30, 'min_samples_leaf': 2, 'min_samples_split': 10, 'n_estimators': 800}",0.8027313187307691,0.8132901926045331,0.7886958480747995,0.8015724531367004,0.010073982092851704,44,0.9988636356299295,0.9977298260364912,0.9974232207898018,0.9980055608187408,0.000619527228630414,0.8093994778067886,0.8237597911227154,0.7973856209150327,0.810181629948179,0.010781404825444117,40,0.9986936642717178,0.9973873285434357,0.9973890339425587,0.9978233422525707,0.0006154109953820525,0.796802177140614,0.8160377358490566,0.7899790714254856,0.8009396614717188,0.011033360936350382,63,0.9988662131519275,0.9977323911651067,0.9977298436458866,0.998109482654307,0.0005350902771092847,0.8208947405214606,0.8177075836929033,0.7970529716958763,0.8118850986367466,0.010568301167643608,36,0.9988649247577819,0.9977323737545528,0.9971315655277919,0.9979096213467088,0.0007186543382098182,0.796802177140614,0.8160377358490566,0.7899790714254856,0.8009396614717188,0.011033360936350382,63,0.9988662131519275,0.9977323911651067,0.9977298436458866,0.998109482654307,0.0005350902771092847
29.538397073745728,0.4680497681326243,0.054766575495402016,0.005798268913571025,30,4,2,200,"{'max_depth': 30, 'min_samples_leaf': 4, 'min_samples_split': 2, 'n_estimators': 200}",0.793067656056926,0.8103091758294801,0.7971561126244315,0.8001776481702793,0.007355939043066262,74,0.9937025935834616,0.99313002815278,0.9928384228105542,0.9932236815155986,0.0003589577463177242,0.7976501305483029,0.8159268929503917,0.8026143790849674,0.8053971341945539,0.007716553871409573,77,0.9934683213585892,0.992815153494448,0.9928198433420365,0.9930344393983579,0.0003068068504539391,0.7903290504821529,0.8177744425385933,0.8019817746046594,0.8033617558751353,0.011246944696615151,15,0.9943207409974413,0.9937563363947617,0.9937538417037278,0.9939436396986436,0.00026665283052065044,0.8104053300077216,0.8107186529872148,0.8026019396399275,0.807908640878288,0.003754583984702953,69,0.9931019387391179,0.9925238317910241,0.99196506478066,0.992530278436934,0.00046414923518736363,0.7903290504821529,0.8177744425385933,0.8019817746046594,0.8033617558751353,0.011246944696615151,15,0.9943207409974413,0.9937563363947617,0.9937538417037278,0.9939436396986436,0.00026665283052065044
58.208781480789185,0.6699538335897551,0.09206461906433105,0.0035738756424463793,30,4,2,400,"{'max_depth': 30, 'min_samples_leaf': 4, 'min_samples_split': 2, 'n_estimators': 400}",0.7987415406754973,0.818339183629279,0.787441767011215,0.8015074971053305,0.012764546594542138,47,0.9951453493444147,0.99313002815278,0.9937109023270441,0.9939954266080795,0.0008469928871157756,0.8028720626631853,0.825065274151436,0.7934640522875817,0.8071337963674009,0.013248423464608234,67,0.9947746570868713,0.992815153494448,0.9934725848563969,0.9936874651459053,0.0008142660238089086,0.7973637294749302,0.8257289879931389,0.7927670268222242,0.8052865814300979,0.014576268575687184,1,0.9954596931614504,0.9937563363947617,0.9943233177857324,0.9945131157806482,0.0007082247890849534,0.8131471509397931,0.8194438082546985,0.7935073690565677,0.8086994427503531,0.011045702050221245,62,0.9948498652618407,0.9925238317910241,0.9931236319530308,0.9934991096686319,0.0009860174315648297,0.7973637294749302,0.8257289879931389,0.7927670268222242,0.8052865814300979,0.014576268575687184,1,0.9954596931614504,0.9937563363947617,0.9943233177857324,0.9945131157806482,0.0007082247890849534
114.95140775044759,1.2371769413546245,0.19136317571004233,0.0209797026808533,30,4,2,800,"{'max_depth': 30, 'min_samples_leaf': 4, 'min_samples_split': 2, 'n_estimators': 800}",0.7970099977011724,0.8141490066156627,0.7901573774154222,0.8004387939107525,0.010090161891848923,63,0.9940076914442283,0.9934405085354081,0.9942778241718346,0.993908674717157,0.00034892941304416825,0.8028720626631853,0.8211488250652742,0.7986928104575164,0.8075712327286585,0.009751232315085047,61,0.9934683213585892,0.992815153494448,0.9941253263707572,0.9934696004079315,0.000534876601612926,0.7960933372295177,0.8186535162950257,0.7935890928840164,0.8027786488028532,0.011271686456368423,31,0.9943233236554095,0.9937615017907409,0.9948902112097686,0.9943250122186397,0.00046079523766696625,0.8101362930985454,0.8168970682522144,0.7964719857198672,0.8078351156902089,0.008495785708682356,75,0.9937083359890018,0.9931382560902784,0.9936842112726375,0.9935102677839726,0.00026323630153509585,0.7960933372295177,0.8186535162950257,0.7935890928840164,0.8027786488028532,0.011271686456368423,31,0.9943233236554095,0.9937615017907409,0.9948902112097686,0.9943250122186397,0.00046079523766696625
29.68803397814433,0.6600398539535448,0.04923375447591146,0.0008661751536106701,30,4,6,200,"{'max_depth': 30, 'min_samples_leaf': 4, 'min_samples_split': 6, 'n_estimators': 200}",0.793067656056926,0.8103091758294801,0.7971561126244315,0.8001776481702793,0.007355939043066262,74,0.9937025935834616,0.99313002815278,0.9928384228105542,0.9932236815155986,0.0003589577463177242,0.7976501305483029,0.8159268929503917,0.8026143790849674,0.8053971341945539,0.007716553871409573,77,0.9934683213585892,0.992815153494448,0.9928198433420365,0.9930344393983579,0.0003068068504539391,0.7903290504821529,0.8177744425385933,0.8019817746046594,0.8033617558751353,0.011246944696615151,15,0.9943207409974413,0.9937563363947617,0.9937538417037278,0.9939436396986436,0.00026665283052065044,0.8104053300077216,0.8107186529872148,0.8026019396399275,0.807908640878288,0.003754583984702953,69,0.9931019387391179,0.9925238317910241,0.99196506478066,0.992530278436934,0.00046414923518736363,0.7903290504821529,0.8177744425385933,0.8019817746046594,0.8033617558751353,0.011246944696615151,15,0.9943207409974413,0.9937563363947617,0.9937538417037278,0.9939436396986436,0.00026665283052065044
57.68807784716288,0.8531659017378262,0.09104855855305989,0.008021662472784097,30,4,6,400,"{'max_depth': 30, 'min_samples_leaf': 4, 'min_samples_split': 6, 'n_estimators': 400}",0.7987415406754973,0.818339183629279,0.787441767011215,0.8015074971053305,0.012764546594542138,47,0.9951453493444147,0.99313002815278,0.9937109023270441,0.9939954266080795,0.0008469928871157756,0.8028720626631853,0.825065274151436,0.7934640522875817,0.8071337963674009,0.013248423464608234,67,0.9947746570868713,0.992815153494448,0.9934725848563969,0.9936874651459053,0.0008142660238089086,0.7973637294749302,0.8257289879931389,0.7927670268222242,0.8052865814300979,0.014576268575687184,1,0.9954596931614504,0.9937563363947617,0.9943233177857324,0.9945131157806482,0.0007082247890849534,0.8131471509397931,0.8194438082546985,0.7935073690565677,0.8086994427503531,0.011045702050221245,62,0.9948498652618407,0.9925238317910241,0.9931236319530308,0.9934991096686319,0.0009860174315648297,0.7973637294749302,0.8257289879931389,0.7927670268222242,0.8052865814300979,0.014576268575687184,1,0.9954596931614504,0.9937563363947617,0.9943233177857324,0.9945131157806482,0.0007082247890849534
115.97024631500244,2.997897795965522,0.24744065602620444,0.02512097336591153,30,4,6,800,"{'max_depth': 30, 'min_samples_leaf': 4, 'min_samples_split': 6, 'n_estimators': 800}",0.7970099977011724,0.8141490066156627,0.7901573774154222,0.8004387939107525,0.010090161891848923,63,0.9940076914442283,0.9934405085354081,0.9942778241718346,0.993908674717157,0.00034892941304416825,0.8028720626631853,0.8211488250652742,0.7986928104575164,0.8075712327286585,0.009751232315085047,61,0.9934683213585892,0.992815153494448,0.9941253263707572,0.9934696004079315,0.000534876601612926,0.7960933372295177,0.8186535162950257,0.7935890928840164,0.8027786488028532,0.011271686456368423,31,0.9943233236554095,0.9937615017907409,0.9948902112097686,0.9943250122186397,0.00046079523766696625,0.8101362930985454,0.8168970682522144,0.7964719857198672,0.8078351156902089,0.008495785708682356,75,0.9937083359890018,0.9931382560902784,0.9936842112726375,0.9935102677839726,0.00026323630153509585,0.7960933372295177,0.8186535162950257,0.7935890928840164,0.8027786488028532,0.011271686456368423,31,0.9943233236554095,0.9937615017907409,0.9948902112097686,0.9943250122186397,0.00046079523766696625
29.654894193013508,0.41242640543275494,0.059352874755859375,0.004718482665647105,30,4,10,200,"{'max_depth': 30, 'min_samples_leaf': 4, 'min_samples_split': 10, 'n_estimators': 200}",0.7950039240041572,0.8077664991127351,0.7732537473892517,0.7920080568353813,0.014248132578257739,106,0.9925648914648653,0.9913790521223361,0.9902609001103505,0.9914016145658505,0.0009407358248777724,0.7989556135770235,0.8133159268929504,0.7803921568627451,0.797554565777573,0.013477533390862488,106,0.992161985630307,0.991508817766166,0.9902088772845953,0.9912932268936894,0.0008117953850339335,0.7952197949780544,0.8142795883361922,0.776419846605181,0.7953064099731426,0.015456296184246885,101,0.9931817888334322,0.9926147838833461,0.9914811026916461,0.992425891802808,0.000707033003370792,0.8073695393663423,0.8090783075640317,0.7825553790996777,0.7996677420100172,0.012120360156082597,106,0.9919629274752001,0.9902015343693538,0.9890998371650339,0.9904214330031959,0.0011791488704191424,0.7952197949780544,0.8142795883361922,0.776419846605181,0.7953064099731426,0.015456296184246885,101,0.9931817888334322,0.9926147838833461,0.9914811026916461,0.992425891802808,0.000707033003370792
58.254431088765465,0.3900722599824569,0.09872190157572429,0.013105291770479106,30,4,10,400,"{'max_depth': 30, 'min_samples_leaf': 4, 'min_samples_split': 10, 'n_estimators': 400}",0.7852399189273964,0.8055226814916796,0.786504358132359,0.792422319517145,0.00927772653630316,102,0.9934395155157567,0.9913790521223361,0.9919680351415149,0.9922622009265359,0.0008665169668330585,0.7911227154046997,0.8133159268929504,0.792156862745098,0.7988651683475827,0.01022694747820031,101,0.992815153494448,0.991508817766166,0.9921671018276762,0.9921636910294301,0.0005333147812846766,0.7846522803009507,0.8118353344768439,0.7903964521913757,0.7956280223230568,0.01169776625726493,98,0.993753847573405,0.9926147838833461,0.9931843656217233,0.9931843323594914,0.0004650208047908025,0.7984874847374848,0.8070483203126934,0.7942385917067883,0.7999247989189889,0.005327394033452617,102,0.9931350184050218,0.9902015343693538,0.9908172567388933,0.9913846031710897,0.0012629973944217705,0.7846522803009507,0.8118353344768439,0.7903964521913757,0.7956280223230568,0.01169776625726493,98,0.993753847573405,0.9926147838833461,0.9931843656217233,0.9931843323594914,0.0004650208047908025
114.8348650932312,0.9640162069666844,0.2191009521484375,0.03176070543782578,30,4,10,800,"{'max_depth': 30, 'min_samples_leaf': 4, 'min_samples_split': 10, 'n_estimators': 800}",0.7933894176512274,0.8132753837618409,0.7841430716623298,0.7969359576917993,0.012154734653907958,88,0.9919973958435084,0.9908108513768933,0.9916666395963958,0.9914916289389325,0.0004999623255693396,0.7976501305483029,0.8211488250652742,0.7934640522875817,0.8040876693003862,0.012184500805710716,92,0.991508817766166,0.9908556499020248,0.9921671018276762,0.9915105231652891,0.00053539936471966,0.7915581195597312,0.8186535162950257,0.789033260588458,0.799748298814405,0.013407688446021812,80,0.9926161896732186,0.9920491730236176,0.9931817829637549,0.9926157152201971,0.0004623861935321392,0.8073882278345662,0.8156731139216684,0.7904650784752294,0.8045088067438213,0.010490616827451131,98,0.9913922280490425,0.9896383838533283,0.9902406375894792,0.9904237498306167,0.0007276170858131814,0.7915581195597312,0.8186535162950257,0.789033260588458,0.799748298814405,0.013407688446021812,80,0.9926161896732186,0.9920491730236176,0.9931817829637549,0.9926157152201971,0.0004623861935321392
34.80992261568705,1.3410824702126558,0.05597813924153646,0.002709138766041296,40,1,2,200,"{'max_depth': 40, 'min_samples_leaf': 1, 'min_samples_split': 2, 'n_estimators': 200}",0.8090747744000023,0.8151980845866204,0.7830016744923654,0.8024248444929961,0.0139599040485106,31,1.0,1.0,1.0,1.0,0.0,0.814621409921671,0.8263707571801566,0.792156862745098,0.8110496766156419,0.014194261803287086,30,1.0,1.0,1.0,1.0,0.0,0.8026077870558129,0.8158662092624356,0.7804760643600289,0.7996500202260926,0.014598558776298913,83,1.0,1.0,1.0,1.0,0.0,0.8286311559522677,0.8203340526433185,0.7981152371682847,0.8156934819212903,0.012882973188858492,12,1.0,1.0,1.0,1.0,0.0,0.8026077870558129,0.8158662092624356,0.7804760643600289,0.7996500202260926,0.014598558776298913,83,1.0,1.0,1.0,1.0,0.0
66.80719097455342,0.9098953247185615,0.09656302134195964,0.011215060666752867,40,1,2,400,"{'max_depth': 40, 'min_samples_leaf': 1, 'min_samples_split': 2, 'n_estimators': 400}",0.8042475097907924,0.8197261457055058,0.7941863675051802,0.8060533410004928,0.010504470077032374,4,1.0,1.0,1.0,1.0,0.0,0.8093994778067886,0.8302872062663186,0.803921568627451,0.8145360842335195,0.011360025123603875,4,1.0,1.0,1.0,1.0,0.0,0.7980622385940678,0.8204974271012007,0.7931925145764791,0.8039173934239159,0.011891220586544623,10,1.0,1.0,1.0,1.0,0.0,0.8230210345948159,0.8252130949194066,0.8045067789328202,0.8175803028156808,0.009287592158482502,4,1.0,1.0,1.0,1.0,0.0,0.7980622385940678,0.8204974271012007,0.7931925145764791,0.8039173934239159,0.011891220586544623,10,1.0,1.0,1.0,1.0,0.0
132.02600002288818,1.359280013614149,0.23426342010498047,0.040674546494435915,40,1,2,800,"{'max_depth': 40, 'min_samples_leaf': 1, 'min_samples_split': 2, 'n_estimators': 800}",0.8056223546903765,0.8189475715867035,0.7957019055614454,0.8067572772795085,0.00952387470874999,1,1.0,1.0,1.0,1.0,0.0,0.8107049608355091,0.8276762402088773,0.8052287581699347,0.8145366530714403,0.009556281058910415,1,1.0,1.0,1.0,1.0,0.0,0.7992244526894003,0.8206689536878216,0.7943340670878947,0.8047424911550388,0.01143731100212376,7,1.0,1.0,1.0,1.0,0.0,0.8266911550852282,0.8229390919447926,0.8062096116255213,0.8186132862185141,0.00890347692417945,1,1.0,1.0,1.0,1.0,0.0,0.7992244526894003,0.8206689536878216,0.7943340670878947,0.8047424911550388,0.01143731100212376,7,1.0,1.0,1.0,1.0,0.0
33.2469429175059,1.2715727307090612,0.05752889315287272,0.004635771864789651,40,1,6,200,"{'max_depth': 40, 'min_samples_leaf': 1, 'min_samples_split': 6, 'n_estimators': 200}",0.8038000337838855,0.8145524221766007,0.7887617577895356,0.8023714045833407,0.010577344607731012,34,1.0,1.0,1.0,1.0,0.0,0.8093994778067886,0.8224543080939948,0.7986928104575164,0.8101821987860999,0.009716367002149263,37,1.0,1.0,1.0,1.0,0.0,0.7980519078021093,0.816123499142367,0.7898657044003539,0.8013470371149434,0.010970000123659904,50,1.0,1.0,1.0,1.0,0.0,0.8206653556211079,0.8194160791689524,0.7955103359173127,0.8118639235691244,0.011574974290182886,39,1.0,1.0,1.0,1.0,0.0,0.7980519078021093,0.816123499142367,0.7898657044003539,0.8013470371149434,0.010970000123659904,50,1.0,1.0,1.0,1.0,0.0
65.78367670377095,1.1678533117716074,0.08947571118672688,0.00744774332658124,40,1,6,400,"{'max_depth': 40, 'min_samples_leaf': 1, 'min_samples_split': 6, 'n_estimators': 400}",0.8074379479695584,0.818265428834046,0.7836764777259936,0.8031266181765327,0.014446211917015546,18,1.0,1.0,1.0,1.0,0.0,0.814621409921671,0.8263707571801566,0.7947712418300653,0.811921136310631,0.013040985411924038,18,1.0,1.0,1.0,1.0,0.0,0.8001393181086977,0.8195325900514581,0.7839674360020855,0.8012131147207472,0.014539253190631601,58,1.0,1.0,1.0,1.0,0.0,0.8296286142185193,0.8231272318161016,0.7926817407158518,0.8151458622501576,0.0161047521044082,16,1.0,1.0,1.0,1.0,0.0,0.8001393181086977,0.8195325900514581,0.7839674360020855,0.8012131147207472,0.014539253190631601,58,1.0,1.0,1.0,1.0,0.0
129.38052995999655,0.6854806968815953,0.2590804100036621,0.0428827041478395,40,1,6,800,"{'max_depth': 40, 'min_samples_leaf': 1, 'min_samples_split': 6, 'n_estimators': 800}",0.8028252259189644,0.8230553977545468,0.7893053827328324,0.8050620021354479,0.013868868119483959,8,1.0,1.0,1.0,1.0,0.0,0.8093994778067886,0.8315926892950392,0.7986928104575164,0.8132283258531148,0.01370147351935334,8,1.0,1.0,1.0,1.0,0.0,0.795583438854994,0.8240780445969125,0.7898760821504577,0.8031791885341214,0.014960283390545524,22,1.0,1.0,1.0,1.0,0.0,0.8250276765808902,0.8279723558680379,0.7983255896773339,0.8171085407087539,0.01333584695754472,8,1.0,1.0,1.0,1.0,0.0,0.795583438854994,0.8240780445969125,0.7898760821504577,0.8031791885341214,0.014960283390545524,22,1.0,1.0,1.0,1.0,0.0
32.84056337674459,0.575423083012252,0.058486382166544594,0.00031067507300899707,40,1,10,200,"{'max_depth': 40, 'min_samples_leaf': 1, 'min_samples_split': 10, 'n_estimators': 200}",0.8019270583843113,0.8148566585438547,0.788478950229593,0.8017542223859196,0.010769347804140612,40,1.0,1.0,1.0,1.0,0.0,0.8080939947780679,0.825065274151436,0.7986928104575164,0.8106173597956735,0.010913363019125811,33,1.0,1.0,1.0,1.0,0.0,0.7981807475361061,0.8183962264150944,0.7873817627443735,0.8013195788985247,0.012854660268735016,53,1.0,1.0,1.0,1.0,0.0,0.8176353246492645,0.8184663560564601,0.7994482986226505,0.8118499931094584,0.008775882592196499,42,1.0,1.0,1.0,1.0,0.0,0.7981807475361061,0.8183962264150944,0.7873817627443735,0.8013195788985247,0.012854660268735016,53,1.0,1.0,1.0,1.0,0.0
64.7142637570699,0.835988607422639,0.09360353151957194,0.005994966854591083,40,1,10,400,"{'max_depth': 40, 'min_samples_leaf': 1, 'min_samples_split': 10, 'n_estimators': 400}",0.8044616878345289,0.8085952122143794,0.7892354661944853,0.8007641220811311,0.00832481975237206,56,1.0,1.0,1.0,1.0,0.0,0.8093994778067886,0.8185378590078329,0.7986928104575164,0.8088767157573793,0.008110135556258483,49,1.0,1.0,1.0,1.0,0.0,0.8005823615009755,0.8102701543739279,0.7886367292390661,0.7998297483713231,0.00884782800686553,76,1.0,1.0,1.0,1.0,0.0,0.8210155752051702,0.8141260254248048,0.7996131632547216,0.8115849212948989,0.008920340687568857,45,1.0,1.0,1.0,1.0,0.0,0.8005823615009755,0.8102701543739279,0.7886367292390661,0.7998297483713231,0.00884782800686553,76,1.0,1.0,1.0,1.0,0.0
126.39019266764323,2.257072402024041,0.24664672215779623,0.05528000997552036,40,1,10,800,"{'max_depth': 40, 'min_samples_leaf': 1, 'min_samples_split': 10, 'n_estimators': 800}",0.8057722098497043,0.8128631670509353,0.7925107712225004,0.8037153827077134,0.008435160832623852,13,1.0,1.0,1.0,1.0,0.0,0.8120104438642297,0.8224543080939948,0.8013071895424837,0.8119239805002362,0.008633491479615913,12,1.0,1.0,1.0,1.0,0.0,0.8003453436168988,0.814901372212693,0.7933985870428256,0.8028817676241391,0.008959818732308738,27,1.0,1.0,1.0,1.0,0.0,0.8249220248758439,0.8167518891556229,0.8013249641037745,0.8143329593784138,0.009784127800353844,21,1.0,1.0,1.0,1.0,0.0,0.8003453436168988,0.814901372212693,0.7933985870428256,0.8028817676241391,0.008959818732308738,27,1.0,1.0,1.0,1.0,0.0
31.196271737416584,0.657923268296595,0.06450168291727702,0.004243705910154343,40,2,2,200,"{'max_depth': 40, 'min_samples_leaf': 2, 'min_samples_split': 2, 'n_estimators': 200}",0.7964161968803236,0.8194451137684835,0.7740322949107564,0.7966312018531879,0.01854032900651892,94,1.0,0.9994318115783887,1.0,0.999810603859463,0.0002678465906087,0.8028720626631853,0.8263707571801566,0.7856209150326797,0.8049545782920072,0.016701099011128713,89,1.0,0.999346832135859,1.0,0.9997822773786197,0.0003079062839915117,0.7911460685433288,0.8231989708404803,0.7747683018029513,0.7963711137289202,0.020113979363438943,92,1.0,0.9994343891402715,1.0,0.9998114630467572,0.00026663151628451923,0.8143605613715261,0.8229531501239515,0.7853041539070951,0.8075392884675242,0.01610919100094458,81,1.0,0.9994305239179955,1.0,0.9998101746393319,0.00026845359953929856,0.7911460685433288,0.8231989708404803,0.7747683018029513,0.7963711137289202,0.020113979363438943,92,1.0,0.9994343891402715,1.0,0.9998114630467572,0.00026663151628451923
62.17007112503052,0.7281367571727212,0.0843211015065511,0.005865328392430051,40,2,2,400,"{'max_depth': 40, 'min_samples_leaf': 2, 'min_samples_split': 2, 'n_estimators': 400}",0.8050705450014883,0.8201266260896782,0.7836427685218008,0.8029466465376558,0.014969996087102456,25,1.0,1.0,1.0,1.0,0.0,0.8093994778067886,0.8302872062663186,0.7934640522875817,0.811050245453563,0.015078239123610554,27,1.0,1.0,1.0,1.0,0.0,0.8005513691250999,0.8229416809605489,0.7840808969435078,0.8025246490097189,0.015926089889069024,37,1.0,1.0,1.0,1.0,0.0,0.8214254858380692,0.824167712823914,0.7946721504956998,0.813421783052561,0.013305174255991665,30,1.0,1.0,1.0,1.0,0.0,0.8005513691250999,0.8229416809605489,0.7840808969435078,0.8025246490097189,0.015926089889069024,37,1.0,1.0,1.0,1.0,0.0
122.8827002843221,1.541911812387811,0.3506680329640706,0.09476881379798316,40,2,2,800,"{'max_depth': 40, 'min_samples_leaf': 2, 'min_samples_split': 2, 'n_estimators': 800}",0.8019365350583625,0.8229127153795927,0.784277641503417,0.8030422973137906,0.015792071132449896,22,1.0,1.0,1.0,1.0,0.0,0.8080939947780679,0.8328981723237598,0.7934640522875817,0.8114854064631364,0.016276541620179278,22,1.0,1.0,1.0,1.0,0.0,0.7969103552906938,0.8264365351629503,0.7840756611103107,0.8024741838546516,0.017735614900396227,40,1.0,1.0,1.0,1.0,0.0,0.8193962612020371,0.8260360735022094,0.7952123794460165,0.8135482380500877,0.013245742961589526,26,1.0,1.0,1.0,1.0,0.0,0.7969103552906938,0.8264365351629503,0.7840756611103107,0.8024741838546516,0.017735614900396227,40,1.0,1.0,1.0,1.0,0.0
31.228691975275677,0.5870479390309162,0.054090658823649086,0.0008331528595161371,40,2,6,200,"{'max_depth': 40, 'min_samples_leaf': 2, 'min_samples_split': 6, 'n_estimators': 200}",0.7999946101515418,0.8057416743101938,0.7849675833365095,0.7969012892660817,0.008758507845557784,91,1.0,0.9994318115783887,1.0,0.999810603859463,0.0002678465906087,0.8054830287206266,0.814621409921671,0.7947712418300653,0.8049585601574543,0.008112278503255296,85,1.0,0.999346832135859,1.0,0.9997822773786197,0.0003079062839915117,0.7946375810598212,0.806861063464837,0.7864565665331177,0.795985070352592,0.008384416867210049,95,1.0,0.9994343891402715,1.0,0.9998114630467572,0.00026663151628451923,0.8179064685314685,0.812216520318481,0.7924502688606345,0.8075244192368615,0.010909212768433988,84,1.0,0.9994305239179955,1.0,0.9998101746393319,0.00026845359953929856,0.7946375810598212,0.806861063464837,0.7864565665331177,0.795985070352592,0.008384416867210049,95,1.0,0.9994343891402715,1.0,0.9998114630467572,0.00026663151628451923
62.24821273485819,1.506881419625675,0.09916965166727702,0.012117745814068678,40,2,6,400,"{'max_depth': 40, 'min_samples_leaf': 2, 'min_samples_split': 6, 'n_estimators': 400}",0.8009415513098291,0.8007040717673841,0.7766551031887191,0.7927669087553109,0.011393179482919036,99,1.0,0.9994318115783887,1.0,0.999810603859463,0.0002678465906087,0.8067885117493473,0.8107049608355091,0.7869281045751634,0.80147385905334,0.010408934411221593,98,1.0,0.999346832135859,1.0,0.9997822773786197,0.0003079062839915117,0.7958101259471123,0.8022298456260721,0.7759098073562216,0.7913165929764686,0.011205057862420731,106,1.0,0.9994343891402715,1.0,0.9998114630467572,0.00026663151628451923,0.8194920967312104,0.8069635723747242,0.788146825873276,0.8048674983264036,0.012882200798035247,95,1.0,0.9994305239179955,1.0,0.9998101746393319,0.00026845359953929856,0.7958101259471123,0.8022298456260721,0.7759098073562216,0.7913165929764686,0.011205057862420731,106,1.0,0.9994343891402715,1.0,0.9998114630467572,0.00026663151628451923
124.6950314839681,1.5273573579211965,0.24212193489074707,0.018870627812236276,40,2,6,800,"{'max_depth': 40, 'min_samples_leaf': 2, 'min_samples_split': 6, 'n_estimators': 800}",0.8068572863908636,0.8118841266983787,0.7829783058510312,0.8005732396467579,0.01260961411850278,60,1.0,1.0,1.0,1.0,0.0,0.8120104438642297,0.8211488250652742,0.7934640522875817,0.8088744404056952,0.011517741364436344,53,1.0,1.0,1.0,1.0,0.0,0.8028138125640141,0.8137650085763293,0.7840756611103107,0.800218160750218,0.01225880348955648,69,1.0,1.0,1.0,1.0,0.0,0.8229731021403801,0.8171298299933398,0.7918848173127927,0.8106625831488375,0.013490473791805681,53,1.0,1.0,1.0,1.0,0.0,0.8028138125640141,0.8137650085763293,0.7840756611103107,0.800218160750218,0.01225880348955648,69,1.0,1.0,1.0,1.0,0.0
32.12820235888163,0.4779367035633311,0.05634601910909017,0.0044637172784107925,40,2,10,200,"{'max_depth': 40, 'min_samples_leaf': 2, 'min_samples_split': 10, 'n_estimators': 200}",0.8036114298399372,0.8078710737598145,0.794933922096182,0.8021388085653113,0.0053832414866768485,37,0.9974193774943538,0.9960246290354632,0.9974232207898018,0.996955742439873,0.000658398471866207,0.8080939947780679,0.814621409921671,0.803921568627451,0.8088789911090633,0.004403318094356491,46,0.9973873285434357,0.9954278249510125,0.9973890339425587,0.9967347291456689,0.0009241210806687723,0.7981807475361061,0.8129716981132076,0.7956817390238019,0.8022780615577051,0.007630057141421015,46,0.9977311379097094,0.9960291106256342,0.9977298436458866,0.99716336406041,0.0008020384693622297,0.8200749917571977,0.8100286048667921,0.8036842002308249,0.8112625989516049,0.0067481635905021495,50,0.9971187860507267,0.9960239863981657,0.9971315655277919,0.9967581126588948,0.0005191318739187244,0.7981807475361061,0.8129716981132076,0.7956817390238019,0.8022780615577051,0.007630057141421015,46,0.9977311379097094,0.9960291106256342,0.9977298436458866,0.99716336406041,0.0008020384693622297
63.962460358937584,0.5345307863170283,0.0984664758046468,0.006973756228631764,40,2,10,400,"{'max_depth': 40, 'min_samples_leaf': 2, 'min_samples_split': 10, 'n_estimators': 400}",0.8042550149886514,0.805080682631859,0.791676941049069,0.8003375462231932,0.006133242386145004,69,0.9974193752882196,0.9982967209130351,0.9985570265849764,0.9980910409287437,0.00048668320305698124,0.8093994778067886,0.8133159268929504,0.8013071895424837,0.8080075314140741,0.005000371936717398,57,0.9973873285434357,0.9980404964075767,0.9986945169712794,0.998040780640764,0.0005336574788279541,0.7993016384636047,0.8081689536878216,0.7909249761788038,0.7994651894434099,0.007040774189207928,86,0.9977298436458866,0.9982980020248352,0.9988636304939592,0.9982971587215603,0.00046286692658252694,0.820367421359309,0.8091022867683307,0.8017890968201298,0.8104196016492565,0.007641554141333562,56,0.9971149091289357,0.9982967194605274,0.9982551438572527,0.9978889241489052,0.0005475743913239882,0.7993016384636047,0.8081689536878216,0.7909249761788038,0.7994651894434099,0.007040774189207928,86,0.9977298436458866,0.9982980020248352,0.9988636304939592,0.9982971587215603,0.00046286692658252694
120.48983796437581,0.8997779983844056,0.2297823429107666,0.06787920460620324,40,2,10,800,"{'max_depth': 40, 'min_samples_leaf': 2, 'min_samples_split': 10, 'n_estimators': 800}",0.8027313187307691,0.8132901926045331,0.7886958480747995,0.8015724531367004,0.010073982092851704,44,0.9988636356299295,0.9977298260364912,0.9974232207898018,0.9980055608187408,0.000619527228630414,0.8093994778067886,0.8237597911227154,0.7973856209150327,0.810181629948179,0.010781404825444117,40,0.9986936642717178,0.9973873285434357,0.9973890339425587,0.9978233422525707,0.0006154109953820525,0.796802177140614,0.8160377358490566,0.7899790714254856,0.8009396614717188,0.011033360936350382,63,0.9988662131519275,0.9977323911651067,0.9977298436458866,0.998109482654307,0.0005350902771092847,0.8208947405214606,0.8177075836929033,0.7970529716958763,0.8118850986367466,0.010568301167643608,36,0.9988649247577819,0.9977323737545528,0.9971315655277919,0.9979096213467088,0.0007186543382098182,0.796802177140614,0.8160377358490566,0.7899790714254856,0.8009396614717188,0.011033360936350382,63,0.9988662131519275,0.9977323911651067,0.9977298436458866,0.998109482654307,0.0005350902771092847
29.098461389541626,0.8084404544001662,0.05306124687194824,0.0031804036208531892,40,4,2,200,"{'max_depth': 40, 'min_samples_leaf': 4, 'min_samples_split': 2, 'n_estimators': 200}",0.793067656056926,0.8103091758294801,0.7971561126244315,0.8001776481702793,0.007355939043066262,74,0.9937025935834616,0.99313002815278,0.9928384228105542,0.9932236815155986,0.0003589577463177242,0.7976501305483029,0.8159268929503917,0.8026143790849674,0.8053971341945539,0.007716553871409573,77,0.9934683213585892,0.992815153494448,0.9928198433420365,0.9930344393983579,0.0003068068504539391,0.7903290504821529,0.8177744425385933,0.8019817746046594,0.8033617558751353,0.011246944696615151,15,0.9943207409974413,0.9937563363947617,0.9937538417037278,0.9939436396986436,0.00026665283052065044,0.8104053300077216,0.8107186529872148,0.8026019396399275,0.807908640878288,0.003754583984702953,69,0.9931019387391179,0.9925238317910241,0.99196506478066,0.992530278436934,0.00046414923518736363,0.7903290504821529,0.8177744425385933,0.8019817746046594,0.8033617558751353,0.011246944696615151,15,0.9943207409974413,0.9937563363947617,0.9937538417037278,0.9939436396986436,0.00026665283052065044
56.49940292040507,1.0715830100322514,0.10142175356547038,0.004502069934866557,40,4,2,400,"{'max_depth': 40, 'min_samples_leaf': 4, 'min_samples_split': 2, 'n_estimators': 400}",0.7987415406754973,0.818339183629279,0.787441767011215,0.8015074971053305,0.012764546594542138,47,0.9951453493444147,0.99313002815278,0.9937109023270441,0.9939954266080795,0.0008469928871157756,0.8028720626631853,0.825065274151436,0.7934640522875817,0.8071337963674009,0.013248423464608234,67,0.9947746570868713,0.992815153494448,0.9934725848563969,0.9936874651459053,0.0008142660238089086,0.7973637294749302,0.8257289879931389,0.7927670268222242,0.8052865814300979,0.014576268575687184,1,0.9954596931614504,0.9937563363947617,0.9943233177857324,0.9945131157806482,0.0007082247890849534,0.8131471509397931,0.8194438082546985,0.7935073690565677,0.8086994427503531,0.011045702050221245,62,0.9948498652618407,0.9925238317910241,0.9931236319530308,0.9934991096686319,0.0009860174315648297,0.7973637294749302,0.8257289879931389,0.7927670268222242,0.8052865814300979,0.014576268575687184,1,0.9954596931614504,0.9937563363947617,0.9943233177857324,0.9945131157806482,0.0007082247890849534
108.16688203811646,1.0985566608499706,0.18259127934773764,0.027013358315658466,40,4,2,800,"{'max_depth': 40, 'min_samples_leaf': 4, 'min_samples_split': 2, 'n_estimators': 800}",0.7970099977011724,0.8141490066156627,0.7901573774154222,0.8004387939107525,0.010090161891848923,63,0.9940076914442283,0.9934405085354081,0.9942778241718346,0.993908674717157,0.00034892941304416825,0.8028720626631853,0.8211488250652742,0.7986928104575164,0.8075712327286585,0.009751232315085047,61,0.9934683213585892,0.992815153494448,0.9941253263707572,0.9934696004079315,0.000534876601612926,0.7960933372295177,0.8186535162950257,0.7935890928840164,0.8027786488028532,0.011271686456368423,31,0.9943233236554095,0.9937615017907409,0.9948902112097686,0.9943250122186397,0.00046079523766696625,0.8101362930985454,0.8168970682522144,0.7964719857198672,0.8078351156902089,0.008495785708682356,75,0.9937083359890018,0.9931382560902784,0.9936842112726375,0.9935102677839726,0.00026323630153509585,0.7960933372295177,0.8186535162950257,0.7935890928840164,0.8027786488028532,0.011271686456368423,31,0.9943233236554095,0.9937615017907409,0.9948902112097686,0.9943250122186397,0.00046079523766696625
27.999898831049602,0.8663384360523669,0.050784905751546226,0.0010992091212722903,40,4,6,200,"{'max_depth': 40, 'min_samples_leaf': 4, 'min_samples_split': 6, 'n_estimators': 200}",0.793067656056926,0.8103091758294801,0.7971561126244315,0.8001776481702793,0.007355939043066262,74,0.9937025935834616,0.99313002815278,0.9928384228105542,0.9932236815155986,0.0003589577463177242,0.7976501305483029,0.8159268929503917,0.8026143790849674,0.8053971341945539,0.007716553871409573,77,0.9934683213585892,0.992815153494448,0.9928198433420365,0.9930344393983579,0.0003068068504539391,0.7903290504821529,0.8177744425385933,0.8019817746046594,0.8033617558751353,0.011246944696615151,15,0.9943207409974413,0.9937563363947617,0.9937538417037278,0.9939436396986436,0.00026665283052065044,0.8104053300077216,0.8107186529872148,0.8026019396399275,0.807908640878288,0.003754583984702953,69,0.9931019387391179,0.9925238317910241,0.99196506478066,0.992530278436934,0.00046414923518736363,0.7903290504821529,0.8177744425385933,0.8019817746046594,0.8033617558751353,0.011246944696615151,15,0.9943207409974413,0.9937563363947617,0.9937538417037278,0.9939436396986436,0.00026665283052065044
54.3860076268514,0.8044528687081232,0.08828941980997722,0.0017607625604047746,40,4,6,400,"{'max_depth': 40, 'min_samples_leaf': 4, 'min_samples_split': 6, 'n_estimators': 400}",0.7987415406754973,0.818339183629279,0.787441767011215,0.8015074971053305,0.012764546594542138,47,0.9951453493444147,0.99313002815278,0.9937109023270441,0.9939954266080795,0.0008469928871157756,0.8028720626631853,0.825065274151436,0.7934640522875817,0.8071337963674009,0.013248423464608234,67,0.9947746570868713,0.992815153494448,0.9934725848563969,0.9936874651459053,0.0008142660238089086,0.7973637294749302,0.8257289879931389,0.7927670268222242,0.8052865814300979,0.014576268575687184,1,0.9954596931614504,0.9937563363947617,0.9943233177857324,0.9945131157806482,0.0007082247890849534,0.8131471509397931,0.8194438082546985,0.7935073690565677,0.8086994427503531,0.011045702050221245,62,0.9948498652618407,0.9925238317910241,0.9931236319530308,0.9934991096686319,0.0009860174315648297,0.7973637294749302,0.8257289879931389,0.7927670268222242,0.8052865814300979,0.014576268575687184,1,0.9954596931614504,0.9937563363947617,0.9943233177857324,0.9945131157806482,0.0007082247890849534
101.12714759508769,0.46211364138849503,0.16881457964579263,0.004925382976629221,40,4,6,800,"{'max_depth': 40, 'min_samples_leaf': 4, 'min_samples_split': 6, 'n_estimators': 800}",0.7970099977011724,0.8141490066156627,0.7901573774154222,0.8004387939107525,0.010090161891848923,63,0.9940076914442283,0.9934405085354081,0.9942778241718346,0.993908674717157,0.00034892941304416825,0.8028720626631853,0.8211488250652742,0.7986928104575164,0.8075712327286585,0.009751232315085047,61,0.9934683213585892,0.992815153494448,0.9941253263707572,0.9934696004079315,0.000534876601612926,0.7960933372295177,0.8186535162950257,0.7935890928840164,0.8027786488028532,0.011271686456368423,31,0.9943233236554095,0.9937615017907409,0.9948902112097686,0.9943250122186397,0.00046079523766696625,0.8101362930985454,0.8168970682522144,0.7964719857198672,0.8078351156902089,0.008495785708682356,75,0.9937083359890018,0.9931382560902784,0.9936842112726375,0.9935102677839726,0.00026323630153509585,0.7960933372295177,0.8186535162950257,0.7935890928840164,0.8027786488028532,0.011271686456368423,31,0.9943233236554095,0.9937615017907409,0.9948902112097686,0.9943250122186397,0.00046079523766696625
26.980922778447468,0.5354684317047737,0.225024143854777,0.2457203952686919,40,4,10,200,"{'max_depth': 40, 'min_samples_leaf': 4, 'min_samples_split': 10, 'n_estimators': 200}",0.7950039240041572,0.8077664991127351,0.7732537473892517,0.7920080568353813,0.014248132578257739,106,0.9925648914648653,0.9913790521223361,0.9902609001103505,0.9914016145658505,0.0009407358248777724,0.7989556135770235,0.8133159268929504,0.7803921568627451,0.797554565777573,0.013477533390862488,106,0.992161985630307,0.991508817766166,0.9902088772845953,0.9912932268936894,0.0008117953850339335,0.7952197949780544,0.8142795883361922,0.776419846605181,0.7953064099731426,0.015456296184246885,101,0.9931817888334322,0.9926147838833461,0.9914811026916461,0.992425891802808,0.000707033003370792,0.8073695393663423,0.8090783075640317,0.7825553790996777,0.7996677420100172,0.012120360156082597,106,0.9919629274752001,0.9902015343693538,0.9890998371650339,0.9904214330031959,0.0011791488704191424,0.7952197949780544,0.8142795883361922,0.776419846605181,0.7953064099731426,0.015456296184246885,101,0.9931817888334322,0.9926147838833461,0.9914811026916461,0.992425891802808,0.000707033003370792
50.916568994522095,0.32523847312968174,0.08733201026916504,0.011742025786510984,40,4,10,400,"{'max_depth': 40, 'min_samples_leaf': 4, 'min_samples_split': 10, 'n_estimators': 400}",0.7852399189273964,0.8055226814916796,0.786504358132359,0.792422319517145,0.00927772653630316,102,0.9934395155157567,0.9913790521223361,0.9919680351415149,0.9922622009265359,0.0008665169668330585,0.7911227154046997,0.8133159268929504,0.792156862745098,0.7988651683475827,0.01022694747820031,101,0.992815153494448,0.991508817766166,0.9921671018276762,0.9921636910294301,0.0005333147812846766,0.7846522803009507,0.8118353344768439,0.7903964521913757,0.7956280223230568,0.01169776625726493,98,0.993753847573405,0.9926147838833461,0.9931843656217233,0.9931843323594914,0.0004650208047908025,0.7984874847374848,0.8070483203126934,0.7942385917067883,0.7999247989189889,0.005327394033452617,102,0.9931350184050218,0.9902015343693538,0.9908172567388933,0.9913846031710897,0.0012629973944217705,0.7846522803009507,0.8118353344768439,0.7903964521913757,0.7956280223230568,0.01169776625726493,98,0.993753847573405,0.9926147838833461,0.9931843656217233,0.9931843323594914,0.0004650208047908025
64.15661470095317,2.608034814327404,0.15541760126749674,0.02385764444350242,40,4,10,800,"{'max_depth': 40, 'min_samples_leaf': 4, 'min_samples_split': 10, 'n_estimators': 800}",0.7933894176512274,0.8132753837618409,0.7841430716623298,0.7969359576917993,0.012154734653907958,88,0.9919973958435084,0.9908108513768933,0.9916666395963958,0.9914916289389325,0.0004999623255693396,0.7976501305483029,0.8211488250652742,0.7934640522875817,0.8040876693003862,0.012184500805710716,92,0.991508817766166,0.9908556499020248,0.9921671018276762,0.9915105231652891,0.00053539936471966,0.7915581195597312,0.8186535162950257,0.789033260588458,0.799748298814405,0.013407688446021812,80,0.9926161896732186,0.9920491730236176,0.9931817829637549,0.9926157152201971,0.0004623861935321392,0.8073882278345662,0.8156731139216684,0.7904650784752294,0.8045088067438213,0.010490616827451131,98,0.9913922280490425,0.9896383838533283,0.9902406375894792,0.9904237498306167,0.0007276170858131814,0.7915581195597312,0.8186535162950257,0.789033260588458,0.799748298814405,0.013407688446021812,80,0.9926161896732186,0.9920491730236176,0.9931817829637549,0.9926157152201971,0.0004623861935321392
